feature	type	cluster	regulation
hsa-mir-100	TS	Pan-cancer	--
hsa-mir-101-1	TS	Pan-cancer	--
hsa-mir-101-2	TS	Pan-cancer	--
hsa-mir-106a		Pan-cancer	++
hsa-mir-10b		Pan-cancer	--
hsa-mir-1-2	TS	Pan-cancer	--
hsa-mir-125a	TS	Pan-cancer	--
hsa-mir-125b-1		Pan-cancer	--
hsa-mir-130b		Pan-cancer	++
hsa-mir-133a-1	TS	Pan-cancer	--
hsa-mir-133a-2	TS	Pan-cancer	--
hsa-mir-133b	TS	Pan-cancer	--
hsa-mir-135b	O	Pan-cancer	++
hsa-mir-139	TS	Pan-cancer	--
hsa-mir-140	TS	Pan-cancer	--
hsa-mir-142		Pan-cancer	++
hsa-mir-143	TS	Pan-cancer	--
hsa-mir-145	TS	Pan-cancer	--
hsa-mir-17	O	Pan-cancer	++
hsa-mir-182	O	Pan-cancer	++
hsa-mir-183	O	Pan-cancer	++
hsa-mir-18a	O	Pan-cancer	++
hsa-mir-192		Pan-cancer	++
hsa-mir-195	TS	Pan-cancer	--
hsa-mir-19a	O	Pan-cancer	++
hsa-mir-204	TS	Pan-cancer	--
hsa-mir-21	O	Pan-cancer	++
hsa-mir-210	O	Pan-cancer	++
hsa-mir-214		Pan-cancer	--
hsa-mir-224	O	Pan-cancer	++
hsa-mir-26a-2	TS	Pan-cancer	--
hsa-mir-26b		Pan-cancer	--
hsa-mir-27b		Pan-cancer	--
hsa-mir-29a		Pan-cancer	--
hsa-mir-301a	O	Pan-cancer	++
hsa-mir-331		Pan-cancer	++
hsa-mir-345		Pan-cancer	++
hsa-mir-378a		Pan-cancer	--
hsa-mir-451a	TS	Pan-cancer	--
hsa-mir-455		Pan-cancer	++
hsa-mir-486-1	TS	Pan-cancer	--
hsa-mir-486-2	TS	Pan-cancer	--
hsa-mir-497	TS	Pan-cancer	--
hsa-mir-7-1		Pan-cancer	++
hsa-mir-93	O	Pan-cancer	++
hsa-mir-96	O	Pan-cancer	++
hsa-mir-99a	TS	Pan-cancer	--
hsa-let-7a-1		Pan-cancer	--
hsa-let-7a-2		Pan-cancer	--
hsa-let-7a-3		Pan-cancer	--
hsa-let-7b	TS	Pan-cancer	--
hsa-let-7c	TS	Pan-cancer	--
hsa-mir-100	TS	Colorectal cancer	--
hsa-mir-106b	O	Colorectal cancer	++
hsa-mir-1-1	TS	Colorectal cancer	--
hsa-mir-1-2	TS	Colorectal cancer	--
hsa-mir-125a	TS	Colorectal cancer	--
hsa-mir-125b-1		Colorectal cancer	--
hsa-mir-125b-2		Colorectal cancer	--
hsa-mir-129-1	TS	Colorectal cancer	--
hsa-mir-129-2	TS	Colorectal cancer	--
hsa-mir-130b		Colorectal cancer	++
hsa-mir-133a-1	TS	Colorectal cancer	--
hsa-mir-133a-2	TS	Colorectal cancer	--
hsa-mir-133b	TS	Colorectal cancer	--
hsa-mir-135b	O	Colorectal cancer	++
hsa-mir-139	TS	Colorectal cancer	--
hsa-mir-140	TS	Colorectal cancer	--
hsa-mir-143	TS	Colorectal cancer	--
hsa-mir-145	TS	Colorectal cancer	--
hsa-mir-149		Colorectal cancer	--
hsa-mir-150		Colorectal cancer	--
hsa-mir-17	O	Colorectal cancer	++
hsa-mir-182	O	Colorectal cancer	++
hsa-mir-183	O	Colorectal cancer	++
hsa-mir-18a	O	Colorectal cancer	++
hsa-mir-195	TS	Colorectal cancer	--
hsa-mir-19a	O	Colorectal cancer	++
hsa-mir-19b-1		Colorectal cancer	++
hsa-mir-19b-2		Colorectal cancer	++
hsa-mir-203a		Colorectal cancer	++
hsa-mir-20a	O	Colorectal cancer	++
hsa-mir-21	O	Colorectal cancer	++
hsa-mir-210	O	Colorectal cancer	++
hsa-mir-221		Colorectal cancer	++
hsa-mir-224	O	Colorectal cancer	++
hsa-mir-23b		Colorectal cancer	--
hsa-mir-26a-1	TS	Colorectal cancer	--
hsa-mir-26a-2	TS	Colorectal cancer	--
hsa-mir-27b		Colorectal cancer	--
hsa-mir-28		Colorectal cancer	--
hsa-mir-29c	TS	Colorectal cancer	--
hsa-mir-30a	TS	Colorectal cancer	--
hsa-mir-30c-1	TS	Colorectal cancer	--
hsa-mir-30c-2	TS	Colorectal cancer	--
hsa-mir-30e		Colorectal cancer	--
hsa-mir-31		Colorectal cancer	++
hsa-mir-320a		Colorectal cancer	--
hsa-mir-375		Colorectal cancer	--
hsa-mir-378a		Colorectal cancer	--
hsa-mir-423		Colorectal cancer	--
hsa-mir-486-1	TS	Colorectal cancer	--
hsa-mir-486-2	TS	Colorectal cancer	--
hsa-mir-497	TS	Colorectal cancer	--
hsa-mir-7-1		Colorectal cancer	++
hsa-mir-7-2		Colorectal cancer	++
hsa-mir-7-3		Colorectal cancer	++
hsa-mir-96	O	Colorectal cancer	++
hsa-mir-99a	TS	Colorectal cancer	--
hsa-mir-99b		Colorectal cancer	--
hsa-let-7b	TS	Colorectal cancer	--
hsa-let-7c	TS	Colorectal cancer	--
hsa-let-7g		Colorectal cancer	--
hsa-mir-103a-1	O	Gastric cancer	++
hsa-mir-103a-2	O	Gastric cancer	++
hsa-mir-107		Gastric cancer	++
hsa-mir-10b		Gastric cancer	--
hsa-mir-125a	TS	Gastric cancer	--
hsa-mir-125b-1		Gastric cancer	++
hsa-mir-125b-2		Gastric cancer	++
hsa-mir-135b	O	Gastric cancer	++
hsa-mir-139	TS	Gastric cancer	--
hsa-mir-142		Gastric cancer	++
hsa-mir-146b		Gastric cancer	++
hsa-mir-148a		Gastric cancer	--
hsa-mir-15a		Gastric cancer	++
hsa-mir-16-1		Gastric cancer	++
hsa-mir-16-2		Gastric cancer	++
hsa-mir-17	O	Gastric cancer	++
hsa-mir-181c		Gastric cancer	--
hsa-mir-18a	O	Gastric cancer	++
hsa-mir-192		Gastric cancer	++
hsa-mir-193b		Gastric cancer	--
hsa-mir-199a-1		Gastric cancer	++
hsa-mir-199a-2		Gastric cancer	++
hsa-mir-199b		Gastric cancer	++
hsa-mir-19a	O	Gastric cancer	++
hsa-mir-200a		Gastric cancer	++
hsa-mir-200b		Gastric cancer	++
hsa-mir-20a	O	Gastric cancer	++
hsa-mir-21	O	Gastric cancer	++
hsa-mir-214		Gastric cancer	++
hsa-mir-215		Gastric cancer	++
hsa-mir-222	O	Gastric cancer	--
hsa-mir-223		Gastric cancer	++
hsa-mir-224	O	Gastric cancer	++
hsa-mir-23a		Gastric cancer	++
hsa-mir-27a		Gastric cancer	++
hsa-mir-27b		Gastric cancer	++
hsa-mir-28		Gastric cancer	--
hsa-mir-29b-1		Gastric cancer	++
hsa-mir-29b-2		Gastric cancer	++
hsa-mir-301a	O	Gastric cancer	++
hsa-mir-30a	TS	Gastric cancer	--
hsa-mir-30d		Gastric cancer	--
hsa-mir-331		Gastric cancer	++
hsa-mir-345		Gastric cancer	--
hsa-mir-34a		Gastric cancer	++
hsa-mir-375		Gastric cancer	--
hsa-mir-378a		Gastric cancer	--
hsa-mir-451a	TS	Gastric cancer	++
hsa-mir-486-1	TS	Gastric cancer	--
hsa-mir-486-2	TS	Gastric cancer	--
hsa-mir-494		Gastric cancer	--
hsa-let-7a-1		Gastric cancer	++
hsa-let-7a-2		Gastric cancer	++
hsa-let-7a-3		Gastric cancer	++
hsa-let-7d		Gastric cancer	++
hsa-let-7e	TS	Gastric cancer	++
hsa-let-7f-1		Gastric cancer	++
hsa-let-7f-2		Gastric cancer	++
hsa-let-7g		Gastric cancer	++
hsa-let-7i		Gastric cancer	++
hsa-mir-100	TS	Head and neck cancer	--
hsa-mir-106b	O	Head and neck cancer	++
hsa-mir-10a		Head and neck cancer	--
hsa-mir-10b		Head and neck cancer	--
hsa-mir-1-1	TS	Head and neck cancer	--
hsa-mir-1-2	TS	Head and neck cancer	--
hsa-mir-125a	TS	Head and neck cancer	--
hsa-mir-125b-1		Head and neck cancer	--
hsa-mir-125b-2		Head and neck cancer	--
hsa-mir-126		Head and neck cancer	--
hsa-mir-133a-1	TS	Head and neck cancer	--
hsa-mir-133a-2	TS	Head and neck cancer	--
hsa-mir-135a-1		Head and neck cancer	--
hsa-mir-135a-2		Head and neck cancer	--
hsa-mir-139	TS	Head and neck cancer	--
hsa-mir-140	TS	Head and neck cancer	--
hsa-mir-141		Head and neck cancer	--
hsa-mir-143	TS	Head and neck cancer	--
hsa-mir-144	TS	Head and neck cancer	--
hsa-mir-145	TS	Head and neck cancer	--
hsa-mir-146a		Head and neck cancer	--
hsa-mir-148a		Head and neck cancer	--
hsa-mir-149		Head and neck cancer	++
hsa-mir-150		Head and neck cancer	--
hsa-mir-152		Head and neck cancer	++
hsa-mir-16-1		Head and neck cancer	--
hsa-mir-16-2		Head and neck cancer	--
hsa-mir-18a	O	Head and neck cancer	++
hsa-mir-195	TS	Head and neck cancer	--
hsa-mir-199a-1		Head and neck cancer	--
hsa-mir-199a-2		Head and neck cancer	--
hsa-mir-199b		Head and neck cancer	--
hsa-mir-200b		Head and neck cancer	--
hsa-mir-203a		Head and neck cancer	--
hsa-mir-21	O	Head and neck cancer	++
hsa-mir-25	O	Head and neck cancer	++
hsa-mir-26a-1	TS	Head and neck cancer	--
hsa-mir-26a-2	TS	Head and neck cancer	--
hsa-mir-26b		Head and neck cancer	--
hsa-mir-29a		Head and neck cancer	--
hsa-mir-29b-2		Head and neck cancer	--
hsa-mir-29c	TS	Head and neck cancer	--
hsa-mir-30a	TS	Head and neck cancer	--
hsa-mir-30b		Head and neck cancer	--
hsa-mir-30c-1	TS	Head and neck cancer	--
hsa-mir-30c-2	TS	Head and neck cancer	--
hsa-mir-30e		Head and neck cancer	--
hsa-mir-320a		Head and neck cancer	--
hsa-mir-335		Head and neck cancer	++
hsa-mir-342		Head and neck cancer	--
hsa-mir-34c		Head and neck cancer	++
hsa-mir-375		Head and neck cancer	--
hsa-mir-378a		Head and neck cancer	--
hsa-mir-451a	TS	Head and neck cancer	--
hsa-mir-455		Head and neck cancer	++
hsa-mir-486-1	TS	Head and neck cancer	--
hsa-mir-486-2	TS	Head and neck cancer	--
hsa-mir-497	TS	Head and neck cancer	--
hsa-mir-625		Head and neck cancer	--
hsa-mir-7-1		Head and neck cancer	++
hsa-mir-7-2		Head and neck cancer	++
hsa-mir-7-3		Head and neck cancer	++
hsa-mir-9-1		Head and neck cancer	++
hsa-mir-9-2		Head and neck cancer	++
hsa-mir-93	O	Head and neck cancer	++
hsa-mir-9-3		Head and neck cancer	++
hsa-mir-99a	TS	Head and neck cancer	--
hsa-let-7b	TS	Head and neck cancer	--
hsa-let-7c	TS	Head and neck cancer	--
hsa-let-7e	TS	Head and neck cancer	--
hsa-let-7g		Head and neck cancer	--
hsa-mir-100	TS	Kidney cancer	--
hsa-mir-10a		Kidney cancer	--
hsa-mir-10b		Kidney cancer	--
hsa-mir-124-1		Kidney cancer	--
hsa-mir-124-2		Kidney cancer	--
hsa-mir-124-3		Kidney cancer	--
hsa-mir-125a	TS	Kidney cancer	--
hsa-mir-126		Kidney cancer	--
hsa-mir-138-1	TS	Kidney cancer	--
hsa-mir-138-2	TS	Kidney cancer	--
hsa-mir-139	TS	Kidney cancer	--
hsa-mir-141		Kidney cancer	--
hsa-mir-143	TS	Kidney cancer	--
hsa-mir-145	TS	Kidney cancer	--
hsa-mir-149		Kidney cancer	--
hsa-mir-150		Kidney cancer	--
hsa-mir-194-1		Kidney cancer	--
hsa-mir-194-2		Kidney cancer	--
hsa-mir-195	TS	Kidney cancer	--
hsa-mir-199a-1		Kidney cancer	--
hsa-mir-199a-2		Kidney cancer	--
hsa-mir-199b		Kidney cancer	--
hsa-mir-19b-1		Kidney cancer	--
hsa-mir-200a		Kidney cancer	--
hsa-mir-200b		Kidney cancer	--
hsa-mir-200c		Kidney cancer	--
hsa-mir-203a		Kidney cancer	--
hsa-mir-204	TS	Kidney cancer	--
hsa-mir-206	TS	Kidney cancer	--
hsa-mir-21	O	Kidney cancer	++
hsa-mir-210	O	Kidney cancer	++
hsa-mir-214		Kidney cancer	--
hsa-mir-23b		Kidney cancer	--
hsa-mir-26a-1	TS	Kidney cancer	--
hsa-mir-26a-2	TS	Kidney cancer	--
hsa-mir-27b		Kidney cancer	--
hsa-mir-301a	O	Kidney cancer	++
hsa-mir-30a	TS	Kidney cancer	--
hsa-mir-30b		Kidney cancer	--
hsa-mir-30c-1	TS	Kidney cancer	--
hsa-mir-30c-2	TS	Kidney cancer	--
hsa-mir-30d		Kidney cancer	--
hsa-mir-30e		Kidney cancer	--
hsa-mir-324		Kidney cancer	--
hsa-mir-34a		Kidney cancer	++
hsa-mir-375		Kidney cancer	--
hsa-mir-378a		Kidney cancer	--
hsa-mir-98		Kidney cancer	--
hsa-mir-99b		Kidney cancer	--
hsa-let-7b	TS	Kidney cancer	--
hsa-let-7d		Kidney cancer	--
hsa-let-7e	TS	Kidney cancer	--
hsa-mir-100	TS	Melanoma	YES
hsa-mir-126		Melanoma	YES
hsa-mir-130b		Melanoma	YES
hsa-mir-142		Melanoma	YES
hsa-mir-144	TS	Melanoma	--
hsa-mir-146a		Melanoma	YES
hsa-mir-150		Melanoma	YES
hsa-mir-15b		Melanoma	YES
hsa-mir-181b-1		Melanoma	--
hsa-mir-181b-2		Melanoma	--
hsa-mir-195	TS	Melanoma	YES
hsa-mir-200c		Melanoma	YES
hsa-mir-203a		Melanoma	--
hsa-mir-204	TS	Melanoma	--
hsa-mir-205		Melanoma	--
hsa-mir-21	O	Melanoma	YES
hsa-mir-222	O	Melanoma	YES
hsa-mir-23b		Melanoma	--
hsa-mir-26a-1	TS	Melanoma	--
hsa-mir-26a-2	TS	Melanoma	--
hsa-mir-26b		Melanoma	--
hsa-mir-29a		Melanoma	YES
hsa-mir-29b-1		Melanoma	YES
hsa-mir-29b-2		Melanoma	YES
hsa-mir-30a	TS	Melanoma	YES
hsa-mir-320a		Melanoma	--
hsa-mir-335		Melanoma	YES
hsa-mir-451a	TS	Melanoma	--
hsa-mir-99a	TS	Melanoma	YES
hsa-let-7i		Melanoma	YES
hsa-mir-100	TS	Ovarian cancer	--
hsa-mir-101-1	TS	Ovarian cancer	--
hsa-mir-101-2	TS	Ovarian cancer	--
hsa-mir-10b		Ovarian cancer	--
hsa-mir-1-1	TS	Ovarian cancer	--
hsa-mir-1-2	TS	Ovarian cancer	--
hsa-mir-125a	TS	Ovarian cancer	--
hsa-mir-125b-1		Ovarian cancer	--
hsa-mir-125b-2		Ovarian cancer	--
hsa-mir-126		Ovarian cancer	--
hsa-mir-129-2	TS	Ovarian cancer	--
hsa-mir-133a-1	TS	Ovarian cancer	--
hsa-mir-133a-2	TS	Ovarian cancer	--
hsa-mir-133b	TS	Ovarian cancer	--
hsa-mir-139	TS	Ovarian cancer	--
hsa-mir-140	TS	Ovarian cancer	--
hsa-mir-143	TS	Ovarian cancer	--
hsa-mir-145	TS	Ovarian cancer	--
hsa-mir-148a		Ovarian cancer	--
hsa-mir-149		Ovarian cancer	++
hsa-mir-150		Ovarian cancer	UP/DOWN
hsa-mir-16-1		Ovarian cancer	--
hsa-mir-16-2		Ovarian cancer	--
hsa-mir-193a		Ovarian cancer	--
hsa-mir-193b		Ovarian cancer	--
hsa-mir-195	TS	Ovarian cancer	--
hsa-mir-199a-1		Ovarian cancer	--
hsa-mir-199a-2		Ovarian cancer	--
hsa-mir-19a	O	Ovarian cancer	--
hsa-mir-19b-1		Ovarian cancer	--
hsa-mir-19b-2		Ovarian cancer	--
hsa-mir-204	TS	Ovarian cancer	--
hsa-mir-214		Ovarian cancer	--
hsa-mir-223		Ovarian cancer	--
hsa-mir-23b		Ovarian cancer	--
hsa-mir-24-1		Ovarian cancer	--
hsa-mir-24-2		Ovarian cancer	--
hsa-mir-26a-1	TS	Ovarian cancer	--
hsa-mir-26a-2	TS	Ovarian cancer	--
hsa-mir-26b		Ovarian cancer	--
hsa-mir-27b		Ovarian cancer	--
hsa-mir-28		Ovarian cancer	--
hsa-mir-29a		Ovarian cancer	--
hsa-mir-29b-1		Ovarian cancer	--
hsa-mir-29b-2		Ovarian cancer	--
hsa-mir-29c	TS	Ovarian cancer	--
hsa-mir-30b		Ovarian cancer	--
hsa-mir-30c-1	TS	Ovarian cancer	--
hsa-mir-30c-2	TS	Ovarian cancer	--
hsa-mir-30d		Ovarian cancer	--
hsa-mir-30e		Ovarian cancer	--
hsa-mir-320a		Ovarian cancer	--
hsa-mir-331		Ovarian cancer	--
hsa-mir-335		Ovarian cancer	--
hsa-mir-342		Ovarian cancer	--
hsa-mir-345		Ovarian cancer	++
hsa-mir-34a		Ovarian cancer	--
hsa-mir-34b		Ovarian cancer	--
hsa-mir-423		Ovarian cancer	--
hsa-mir-451a	TS	Ovarian cancer	--
hsa-mir-455		Ovarian cancer	--
hsa-mir-486-1	TS	Ovarian cancer	--
hsa-mir-486-2	TS	Ovarian cancer	--
hsa-mir-497	TS	Ovarian cancer	--
hsa-mir-99a	TS	Ovarian cancer	--
hsa-mir-99b		Ovarian cancer	UP/DOWN
hsa-let-7b	TS	Ovarian cancer	--
hsa-let-7c	TS	Ovarian cancer	--
hsa-let-7g		Ovarian cancer	--
hsa-let-7i		Ovarian cancer	--
hsa-mir-146b		Thyroid cancer	++
hsa-mir-148b		Thyroid cancer	++
hsa-mir-150		Thyroid cancer	--
hsa-mir-181a-1		Thyroid cancer	++
hsa-mir-181a-2		Thyroid cancer	++
hsa-mir-182	O	Thyroid cancer	++
hsa-mir-183	O	Thyroid cancer	++
hsa-mir-21	O	Thyroid cancer	++
hsa-mir-218-1	TS	Thyroid cancer	--
hsa-mir-221		Thyroid cancer	++
hsa-mir-222	O	Thyroid cancer	++
hsa-mir-224	O	Thyroid cancer	++
hsa-mir-301a	O	Thyroid cancer	++
hsa-mir-30b		Thyroid cancer	++
hsa-mir-30c-1	TS	Thyroid cancer	++
hsa-mir-30d		Thyroid cancer	++
hsa-mir-31		Thyroid cancer	++
hsa-mir-32		Thyroid cancer	++
hsa-mir-335		Thyroid cancer	++
hsa-mir-34a		Thyroid cancer	++
hsa-mir-451a	TS	Thyroid cancer	--
hsa-mir-486-1	TS	Thyroid cancer	--
hsa-mir-486-2	TS	Thyroid cancer	--
hsa-mir-93	O	Thyroid cancer	++
hsa-mir-96	O	Thyroid cancer	++
hsa-mir-98		Thyroid cancer	++
hsa-mir-99b		Thyroid cancer	++
hsa-mir-106a		BLCA	++
hsa-mir-106b	O	BLCA	++
hsa-mir-1-1	TS	BLCA	--
hsa-mir-1-2	TS	BLCA	--
hsa-mir-128-1		BLCA	++
hsa-mir-128-2		BLCA	++
hsa-mir-130b		BLCA	++
hsa-mir-133a-1	TS	BLCA	--
hsa-mir-133a-2	TS	BLCA	--
hsa-mir-133b	TS	BLCA	--
hsa-mir-139	TS	BLCA	--
hsa-mir-143	TS	BLCA	--
hsa-mir-145	TS	BLCA	--
hsa-mir-148b		BLCA	++
hsa-mir-149		BLCA	++
hsa-mir-15b		BLCA	++
hsa-mir-16-1		BLCA	++
hsa-mir-16-2		BLCA	++
hsa-mir-17	O	BLCA	++
hsa-mir-181a-1		BLCA	++
hsa-mir-181a-2		BLCA	++
hsa-mir-181b-1		BLCA	++
hsa-mir-181b-2		BLCA	++
hsa-mir-181c		BLCA	++
hsa-mir-182	O	BLCA	++
hsa-mir-183	O	BLCA	++
hsa-mir-18a	O	BLCA	++
hsa-mir-192		BLCA	++
hsa-mir-193b		BLCA	++
hsa-mir-19a	O	BLCA	++
hsa-mir-19b-1		BLCA	++
hsa-mir-19b-2		BLCA	++
hsa-mir-200a		BLCA	++
hsa-mir-200b		BLCA	++
hsa-mir-205		BLCA	++
hsa-mir-20a	O	BLCA	++
hsa-mir-21	O	BLCA	++
hsa-mir-210	O	BLCA	++
hsa-mir-215		BLCA	++
hsa-mir-25	O	BLCA	++
hsa-mir-301a	O	BLCA	++
hsa-mir-30a	TS	BLCA	--
hsa-mir-324		BLCA	++
hsa-mir-331		BLCA	++
hsa-mir-335		BLCA	++
hsa-mir-345		BLCA	++
hsa-mir-423		BLCA	++
hsa-mir-455		BLCA	++
hsa-mir-7-1		BLCA	++
hsa-mir-92a-1		BLCA	++
hsa-mir-92a-2		BLCA	++
hsa-mir-93	O	BLCA	++
hsa-mir-96	O	BLCA	++
hsa-mir-99b		BLCA	++
hsa-let-7g		BLCA	++
hsa-mir-100	TS	BRCA	--
hsa-mir-101-1	TS	BRCA	--
hsa-mir-101-2	TS	BRCA	--
hsa-mir-103a-1	O	BRCA	++
hsa-mir-103a-2	O	BRCA	++
hsa-mir-106a		BRCA	++
hsa-mir-106b	O	BRCA	++
hsa-mir-107		BRCA	++
hsa-mir-10a		BRCA	--
hsa-mir-10b		BRCA	--
hsa-mir-1-1	TS	BRCA	--
hsa-mir-1-2	TS	BRCA	--
hsa-mir-125b-1		BRCA	--
hsa-mir-125b-2		BRCA	--
hsa-mir-126		BRCA	--
hsa-mir-128-1		BRCA	++
hsa-mir-128-2		BRCA	++
hsa-mir-129-1	TS	BRCA	--
hsa-mir-129-2	TS	BRCA	--
hsa-mir-130a		BRCA	--
hsa-mir-130b		BRCA	++
hsa-mir-133a-1	TS	BRCA	--
hsa-mir-133a-2	TS	BRCA	--
hsa-mir-139	TS	BRCA	--
hsa-mir-140	TS	BRCA	--
hsa-mir-141		BRCA	++
hsa-mir-142		BRCA	++
hsa-mir-143	TS	BRCA	--
hsa-mir-144	TS	BRCA	--
hsa-mir-145	TS	BRCA	--
hsa-mir-148a		BRCA	++
hsa-mir-148b		BRCA	++
hsa-mir-149		BRCA	++
hsa-mir-155	O	BRCA	++
hsa-mir-15a		BRCA	++
hsa-mir-15b		BRCA	++
hsa-mir-16-1		BRCA	++
hsa-mir-16-2		BRCA	++
hsa-mir-17	O	BRCA	++
hsa-mir-181a-1		BRCA	++
hsa-mir-181a-2		BRCA	++
hsa-mir-181b-1		BRCA	++
hsa-mir-181b-2		BRCA	++
hsa-mir-181c		BRCA	++
hsa-mir-182	O	BRCA	++
hsa-mir-183	O	BRCA	++
hsa-mir-18a	O	BRCA	++
hsa-mir-192		BRCA	++
hsa-mir-193a		BRCA	--
hsa-mir-194-1		BRCA	++
hsa-mir-194-2		BRCA	++
hsa-mir-195	TS	BRCA	--
hsa-mir-199b		BRCA	--
hsa-mir-19a	O	BRCA	++
hsa-mir-200a		BRCA	++
hsa-mir-200b		BRCA	++
hsa-mir-200c		BRCA	++
hsa-mir-203a		BRCA	++
hsa-mir-204	TS	BRCA	--
hsa-mir-205		BRCA	--
hsa-mir-21	O	BRCA	++
hsa-mir-210	O	BRCA	++
hsa-mir-214		BRCA	--
hsa-mir-215		BRCA	--
hsa-mir-218-1	TS	BRCA	--
hsa-mir-218-2	TS	BRCA	--
hsa-mir-22		BRCA	UP/DOWN
hsa-mir-221		BRCA	--
hsa-mir-223		BRCA	--
hsa-mir-224	O	BRCA	--
hsa-mir-26a-1	TS	BRCA	--
hsa-mir-26a-2	TS	BRCA	--
hsa-mir-27a		BRCA	UP/DOWN
hsa-mir-27b		BRCA	++
hsa-mir-28		BRCA	--
hsa-mir-29a		BRCA	UP/DOWN
hsa-mir-29b-1		BRCA	++
hsa-mir-29b-2		BRCA	++
hsa-mir-301a	O	BRCA	++
hsa-mir-30a	TS	BRCA	--
hsa-mir-30c-2	TS	BRCA	--
hsa-mir-30e		BRCA	UP/DOWN
hsa-mir-32		BRCA	++
hsa-mir-320a		BRCA	--
hsa-mir-324		BRCA	++
hsa-mir-331		BRCA	++
hsa-mir-335		BRCA	--
hsa-mir-342		BRCA	++
hsa-mir-345		BRCA	++
hsa-mir-375		BRCA	++
hsa-mir-378a		BRCA	--
hsa-mir-423		BRCA	++
hsa-mir-449a		BRCA	++
hsa-mir-451a	TS	BRCA	--
hsa-mir-455		BRCA	++
hsa-mir-483		BRCA	--
hsa-mir-486-1	TS	BRCA	--
hsa-mir-486-2	TS	BRCA	--
hsa-mir-494		BRCA	--
hsa-mir-497	TS	BRCA	--
hsa-mir-625		BRCA	++
hsa-mir-7-1		BRCA	++
hsa-mir-7-2		BRCA	++
hsa-mir-7-3		BRCA	++
hsa-mir-92a-1		BRCA	--
hsa-mir-92a-2		BRCA	--
hsa-mir-93	O	BRCA	++
hsa-mir-96	O	BRCA	++
hsa-mir-98		BRCA	++
hsa-mir-99a	TS	BRCA	--
hsa-mir-99b		BRCA	++
hsa-let-7a-1		BRCA	++
hsa-let-7a-2		BRCA	UP/DOWN
hsa-let-7a-3		BRCA	++
hsa-let-7b	TS	BRCA	--
hsa-let-7c	TS	BRCA	--
hsa-let-7d		BRCA	++
hsa-let-7f-1		BRCA	++
hsa-let-7f-2		BRCA	++
hsa-let-7g		BRCA	++
hsa-let-7i		BRCA	--
hsa-mir-101-1	TS	CHOL	--
hsa-mir-101-2	TS	CHOL	--
hsa-mir-122		CHOL	--
hsa-mir-125b-2		CHOL	--
hsa-mir-139	TS	CHOL	--
hsa-mir-144	TS	CHOL	--
hsa-mir-148a		CHOL	--
hsa-mir-152		CHOL	--
hsa-mir-182	O	CHOL	++
hsa-mir-183	O	CHOL	++
hsa-mir-192		CHOL	--
hsa-mir-193a		CHOL	--
hsa-mir-193b		CHOL	--
hsa-mir-194-1		CHOL	--
hsa-mir-194-2		CHOL	--
hsa-mir-200a		CHOL	++
hsa-mir-200b		CHOL	++
hsa-mir-21	O	CHOL	++
hsa-mir-22		CHOL	--
hsa-mir-23b		CHOL	--
hsa-mir-24-1		CHOL	++
hsa-mir-24-2		CHOL	++
hsa-mir-27a		CHOL	++
hsa-mir-27b		CHOL	--
hsa-mir-30e		CHOL	--
hsa-mir-378a		CHOL	--
hsa-mir-451a	TS	CHOL	--
hsa-mir-483		CHOL	--
hsa-mir-96	O	CHOL	++
hsa-mir-99a	TS	CHOL	--
hsa-mir-99b		CHOL	++
hsa-let-7c	TS	CHOL	--
hsa-mir-101-1	TS	COAD	++
hsa-mir-101-2	TS	COAD	++
hsa-mir-106b	O	COAD	++
hsa-mir-125a	TS	COAD	--
hsa-mir-126		COAD	++
hsa-mir-129-1	TS	COAD	--
hsa-mir-129-2	TS	COAD	--
hsa-mir-135b	O	COAD	++
hsa-mir-139	TS	COAD	--
hsa-mir-140	TS	COAD	--
hsa-mir-141		COAD	++
hsa-mir-142		COAD	++
hsa-mir-144	TS	COAD	++
hsa-mir-146b		COAD	--
hsa-mir-150		COAD	--
hsa-mir-152		COAD	++
hsa-mir-16-1		COAD	++
hsa-mir-16-2		COAD	++
hsa-mir-181a-1		COAD	--
hsa-mir-181a-2		COAD	--
hsa-mir-182	O	COAD	++
hsa-mir-18a	O	COAD	++
hsa-mir-193a		COAD	--
hsa-mir-193b		COAD	--
hsa-mir-195	TS	COAD	--
hsa-mir-199a-1		COAD	++
hsa-mir-199a-2		COAD	++
hsa-mir-199b		COAD	++
hsa-mir-19a	O	COAD	++
hsa-mir-19b-1		COAD	++
hsa-mir-19b-2		COAD	++
hsa-mir-200c		COAD	--
hsa-mir-21	O	COAD	++
hsa-mir-222	O	COAD	++
hsa-mir-23a		COAD	--
hsa-mir-26a-1	TS	COAD	++
hsa-mir-29a		COAD	++
hsa-mir-29b-1		COAD	++
hsa-mir-29b-2		COAD	UP/DOWN
hsa-mir-301a	O	COAD	++
hsa-mir-30e		COAD	++
hsa-mir-32		COAD	++
hsa-mir-324		COAD	--
hsa-mir-335		COAD	++
hsa-mir-342		COAD	--
hsa-mir-378a		COAD	--
hsa-mir-423		COAD	--
hsa-mir-486-1	TS	COAD	--
hsa-mir-486-2	TS	COAD	--
hsa-mir-96	O	COAD	++
hsa-mir-98		COAD	++
hsa-let-7a-1		COAD	++
hsa-let-7a-2		COAD	++
hsa-let-7a-3		COAD	++
hsa-let-7b	TS	COAD	--
hsa-let-7d		COAD	--
hsa-mir-103a-1	O	ESCA	++
hsa-mir-103a-2	O	ESCA	++
hsa-mir-106b	O	ESCA	++
hsa-mir-135b	O	ESCA	++
hsa-mir-15a		ESCA	++
hsa-mir-15b		ESCA	++
hsa-mir-16-1		ESCA	++
hsa-mir-181a-1		ESCA	++
hsa-mir-181a-2		ESCA	++
hsa-mir-181b-1		ESCA	++
hsa-mir-181b-2		ESCA	++
hsa-mir-21	O	ESCA	++
hsa-mir-25	O	ESCA	++
hsa-mir-331		ESCA	++
hsa-mir-335		ESCA	++
hsa-mir-92a-1		ESCA	++
hsa-mir-93	O	ESCA	++
hsa-mir-100	TS	HNSC	--
hsa-mir-101-1	TS	HNSC	--
hsa-mir-101-2	TS	HNSC	--
hsa-mir-103a-1	O	HNSC	++
hsa-mir-103a-2	O	HNSC	++
hsa-mir-106b	O	HNSC	++
hsa-mir-10b		HNSC	--
hsa-mir-1-1	TS	HNSC	--
hsa-mir-1-2	TS	HNSC	--
hsa-mir-125b-1		HNSC	--
hsa-mir-125b-2		HNSC	--
hsa-mir-126		HNSC	--
hsa-mir-130b		HNSC	++
hsa-mir-133a-1	TS	HNSC	--
hsa-mir-133a-2	TS	HNSC	--
hsa-mir-135a-1		HNSC	--
hsa-mir-135a-2		HNSC	--
hsa-mir-135b	O	HNSC	++
hsa-mir-139	TS	HNSC	--
hsa-mir-140	TS	HNSC	--
hsa-mir-143	TS	HNSC	--
hsa-mir-144	TS	HNSC	--
hsa-mir-145	TS	HNSC	--
hsa-mir-146b		HNSC	++
hsa-mir-148b		HNSC	++
hsa-mir-15a		HNSC	++
hsa-mir-15b		HNSC	++
hsa-mir-16-2		HNSC	++
hsa-mir-17	O	HNSC	++
hsa-mir-181a-1		HNSC	++
hsa-mir-181a-2		HNSC	++
hsa-mir-181b-1		HNSC	++
hsa-mir-181b-2		HNSC	++
hsa-mir-182	O	HNSC	++
hsa-mir-183	O	HNSC	++
hsa-mir-18a	O	HNSC	++
hsa-mir-193b		HNSC	++
hsa-mir-195	TS	HNSC	--
hsa-mir-199b		HNSC	--
hsa-mir-19a	O	HNSC	++
hsa-mir-204	TS	HNSC	--
hsa-mir-205		HNSC	++
hsa-mir-20a	O	HNSC	++
hsa-mir-21	O	HNSC	++
hsa-mir-210	O	HNSC	++
hsa-mir-218-1	TS	HNSC	--
hsa-mir-218-2	TS	HNSC	--
hsa-mir-22		HNSC	++
hsa-mir-222	O	HNSC	++
hsa-mir-224	O	HNSC	++
hsa-mir-23a		HNSC	++
hsa-mir-24-2		HNSC	++
hsa-mir-25	O	HNSC	++
hsa-mir-26a-1	TS	HNSC	--
hsa-mir-26a-2	TS	HNSC	--
hsa-mir-26b		HNSC	--
hsa-mir-27b		HNSC	--
hsa-mir-28		HNSC	++
hsa-mir-29a		HNSC	--
hsa-mir-29b-1		HNSC	--
hsa-mir-29b-2		HNSC	--
hsa-mir-29c	TS	HNSC	--
hsa-mir-301a	O	HNSC	++
hsa-mir-30a	TS	HNSC	--
hsa-mir-30b		HNSC	--
hsa-mir-30c-2	TS	HNSC	--
hsa-mir-30d		HNSC	--
hsa-mir-30e		HNSC	--
hsa-mir-31		HNSC	++
hsa-mir-320a		HNSC	++
hsa-mir-324		HNSC	++
hsa-mir-331		HNSC	++
hsa-mir-335		HNSC	--
hsa-mir-375		HNSC	--
hsa-mir-378a		HNSC	--
hsa-mir-423		HNSC	++
hsa-mir-451a	TS	HNSC	--
hsa-mir-455		HNSC	++
hsa-mir-486-1	TS	HNSC	--
hsa-mir-486-2	TS	HNSC	--
hsa-mir-497	TS	HNSC	--
hsa-mir-7-1		HNSC	++
hsa-mir-7-2		HNSC	++
hsa-mir-7-3		HNSC	++
hsa-mir-92a-1		HNSC	++
hsa-mir-92a-2		HNSC	++
hsa-mir-93	O	HNSC	++
hsa-mir-96	O	HNSC	++
hsa-mir-99a	TS	HNSC	--
hsa-mir-99b		HNSC	++
hsa-let-7c	TS	HNSC	--
hsa-let-7d		HNSC	++
hsa-let-7f-1		HNSC	++
hsa-let-7f-2		HNSC	++
hsa-mir-101-1	TS	KICH	--
hsa-mir-101-2	TS	KICH	--
hsa-mir-106a		KICH	--
hsa-mir-106b	O	KICH	++
hsa-mir-10a		KICH	++
hsa-mir-10b		KICH	--
hsa-mir-1-1	TS	KICH	--
hsa-mir-1-2	TS	KICH	--
hsa-mir-130a		KICH	--
hsa-mir-132		KICH	--
hsa-mir-133a-1	TS	KICH	--
hsa-mir-133a-2	TS	KICH	--
hsa-mir-133b	TS	KICH	--
hsa-mir-135b	O	KICH	--
hsa-mir-138-1	TS	KICH	--
hsa-mir-138-2	TS	KICH	--
hsa-mir-139	TS	KICH	--
hsa-mir-143	TS	KICH	--
hsa-mir-145	TS	KICH	--
hsa-mir-149		KICH	--
hsa-mir-152		KICH	--
hsa-mir-181a-1		KICH	--
hsa-mir-181a-2		KICH	--
hsa-mir-181b-1		KICH	--
hsa-mir-181b-2		KICH	--
hsa-mir-181c		KICH	--
hsa-mir-182	O	KICH	++
hsa-mir-183	O	KICH	++
hsa-mir-192		KICH	--
hsa-mir-193a		KICH	--
hsa-mir-194-1		KICH	--
hsa-mir-194-2		KICH	--
hsa-mir-195	TS	KICH	--
hsa-mir-199a-1		KICH	--
hsa-mir-199a-2		KICH	--
hsa-mir-199b		KICH	--
hsa-mir-19b-1		KICH	--
hsa-mir-19b-2		KICH	--
hsa-mir-204	TS	KICH	--
hsa-mir-206	TS	KICH	--
hsa-mir-214		KICH	--
hsa-mir-22		KICH	++
hsa-mir-221		KICH	++
hsa-mir-222	O	KICH	++
hsa-mir-23b		KICH	--
hsa-mir-24-1		KICH	--
hsa-mir-24-2		KICH	--
hsa-mir-26b		KICH	--
hsa-mir-27a		KICH	--
hsa-mir-27b		KICH	--
hsa-mir-28		KICH	--
hsa-mir-29b-2		KICH	--
hsa-mir-301a	O	KICH	--
hsa-mir-30a	TS	KICH	--
hsa-mir-30b		KICH	++
hsa-mir-30c-1	TS	KICH	--
hsa-mir-30c-2	TS	KICH	--
hsa-mir-30d		KICH	++
hsa-mir-30e		KICH	++
hsa-mir-335		KICH	--
hsa-mir-455		KICH	--
hsa-mir-483		KICH	--
hsa-mir-497	TS	KICH	--
hsa-mir-93	O	KICH	--
hsa-mir-96	O	KICH	++
hsa-mir-98		KICH	--
hsa-mir-99a	TS	KICH	--
hsa-let-7c	TS	KICH	--
hsa-let-7e	TS	KICH	--
hsa-mir-101-1	TS	KIRC	++
hsa-mir-101-2	TS	KIRC	++
hsa-mir-103a-1	O	KIRC	++
hsa-mir-103a-2	O	KIRC	++
hsa-mir-106a		KIRC	--
hsa-mir-106b	O	KIRC	++
hsa-mir-10a		KIRC	--
hsa-mir-10b		KIRC	--
hsa-mir-1-1	TS	KIRC	--
hsa-mir-1-2	TS	KIRC	--
hsa-mir-122		KIRC	++
hsa-mir-125a	TS	KIRC	--
hsa-mir-125b-1		KIRC	--
hsa-mir-125b-2		KIRC	--
hsa-mir-126		KIRC	++
hsa-mir-128-1		KIRC	++
hsa-mir-128-2		KIRC	++
hsa-mir-129-1	TS	KIRC	--
hsa-mir-129-2	TS	KIRC	--
hsa-mir-130a		KIRC	--
hsa-mir-130b		KIRC	++
hsa-mir-133a-1	TS	KIRC	--
hsa-mir-133a-2	TS	KIRC	--
hsa-mir-135a-1		KIRC	--
hsa-mir-135a-2		KIRC	--
hsa-mir-135b	O	KIRC	--
hsa-mir-138-1	TS	KIRC	--
hsa-mir-138-2	TS	KIRC	--
hsa-mir-139	TS	KIRC	--
hsa-mir-140	TS	KIRC	++
hsa-mir-141		KIRC	--
hsa-mir-142		KIRC	++
hsa-mir-143	TS	KIRC	++
hsa-mir-144	TS	KIRC	++
hsa-mir-146a		KIRC	++
hsa-mir-146b		KIRC	++
hsa-mir-148a		KIRC	++
hsa-mir-148b		KIRC	++
hsa-mir-149		KIRC	--
hsa-mir-150		KIRC	++
hsa-mir-152		KIRC	++
hsa-mir-155	O	KIRC	++
hsa-mir-15a		KIRC	++
hsa-mir-15b		KIRC	++
hsa-mir-16-1		KIRC	++
hsa-mir-16-2		KIRC	++
hsa-mir-17	O	KIRC	++
hsa-mir-181a-1		KIRC	++
hsa-mir-181a-2		KIRC	++
hsa-mir-181b-1		KIRC	++
hsa-mir-181b-2		KIRC	++
hsa-mir-181c		KIRC	++
hsa-mir-183	O	KIRC	--
hsa-mir-18a	O	KIRC	++
hsa-mir-193a		KIRC	++
hsa-mir-195	TS	KIRC	++
hsa-mir-199a-1		KIRC	--
hsa-mir-199a-2		KIRC	--
hsa-mir-199b		KIRC	--
hsa-mir-19a	O	KIRC	++
hsa-mir-19b-1		KIRC	++
hsa-mir-200a		KIRC	--
hsa-mir-200b		KIRC	--
hsa-mir-200c		KIRC	--
hsa-mir-203a		KIRC	--
hsa-mir-204	TS	KIRC	--
hsa-mir-206	TS	KIRC	--
hsa-mir-20a	O	KIRC	++
hsa-mir-21	O	KIRC	++
hsa-mir-210	O	KIRC	++
hsa-mir-214		KIRC	--
hsa-mir-215		KIRC	++
hsa-mir-218-1	TS	KIRC	--
hsa-mir-218-2	TS	KIRC	--
hsa-mir-223		KIRC	++
hsa-mir-224	O	KIRC	++
hsa-mir-23a		KIRC	++
hsa-mir-23b		KIRC	--
hsa-mir-24-1		KIRC	--
hsa-mir-25	O	KIRC	++
hsa-mir-26a-1	TS	KIRC	--
hsa-mir-27a		KIRC	++
hsa-mir-27b		KIRC	--
hsa-mir-28		KIRC	++
hsa-mir-29a		KIRC	--
hsa-mir-30a	TS	KIRC	--
hsa-mir-30b		KIRC	--
hsa-mir-30c-1	TS	KIRC	--
hsa-mir-30c-2	TS	KIRC	--
hsa-mir-31		KIRC	--
hsa-mir-331		KIRC	++
hsa-mir-335		KIRC	--
hsa-mir-342		KIRC	++
hsa-mir-34a		KIRC	++
hsa-mir-375		KIRC	--
hsa-mir-423		KIRC	++
hsa-mir-455		KIRC	++
hsa-mir-483		KIRC	--
hsa-mir-486-1	TS	KIRC	++
hsa-mir-486-2	TS	KIRC	++
hsa-mir-497	TS	KIRC	++
hsa-mir-625		KIRC	++
hsa-mir-7-1		KIRC	++
hsa-mir-9-1		KIRC	--
hsa-mir-9-2		KIRC	--
hsa-mir-93	O	KIRC	++
hsa-mir-9-3		KIRC	--
hsa-mir-96	O	KIRC	--
hsa-mir-99b		KIRC	++
hsa-let-7b	TS	KIRC	++
hsa-let-7d		KIRC	++
hsa-let-7e	TS	KIRC	--
hsa-let-7f-1		KIRC	++
hsa-let-7f-2		KIRC	++
hsa-let-7g		KIRC	UP/DOWN
hsa-let-7i		KIRC	++
hsa-mir-101-1	TS	KIRP	--
hsa-mir-101-2	TS	KIRP	--
hsa-mir-103a-1	O	KIRP	++
hsa-mir-103a-2	O	KIRP	++
hsa-mir-106b	O	KIRP	++
hsa-mir-10b		KIRP	--
hsa-mir-1-1	TS	KIRP	--
hsa-mir-1-2	TS	KIRP	--
hsa-mir-125a	TS	KIRP	--
hsa-mir-125b-1		KIRP	--
hsa-mir-125b-2		KIRP	--
hsa-mir-126		KIRP	--
hsa-mir-129-1	TS	KIRP	--
hsa-mir-129-2	TS	KIRP	--
hsa-mir-130a		KIRP	--
hsa-mir-130b		KIRP	++
hsa-mir-133a-1	TS	KIRP	--
hsa-mir-133a-2	TS	KIRP	--
hsa-mir-133b	TS	KIRP	--
hsa-mir-139	TS	KIRP	--
hsa-mir-141		KIRP	--
hsa-mir-143	TS	KIRP	--
hsa-mir-145	TS	KIRP	--
hsa-mir-146a		KIRP	++
hsa-mir-148b		KIRP	++
hsa-mir-149		KIRP	--
hsa-mir-17	O	KIRP	++
hsa-mir-182	O	KIRP	++
hsa-mir-183	O	KIRP	++
hsa-mir-195	TS	KIRP	--
hsa-mir-199a-1		KIRP	--
hsa-mir-199a-2		KIRP	--
hsa-mir-199b		KIRP	--
hsa-mir-200a		KIRP	--
hsa-mir-200b		KIRP	--
hsa-mir-200c		KIRP	--
hsa-mir-203a		KIRP	--
hsa-mir-206	TS	KIRP	--
hsa-mir-20a	O	KIRP	++
hsa-mir-21	O	KIRP	++
hsa-mir-210	O	KIRP	++
hsa-mir-214		KIRP	--
hsa-mir-23a		KIRP	++
hsa-mir-24-1		KIRP	--
hsa-mir-25	O	KIRP	++
hsa-mir-26a-1	TS	KIRP	--
hsa-mir-26a-2	TS	KIRP	--
hsa-mir-26b		KIRP	--
hsa-mir-27b		KIRP	--
hsa-mir-28		KIRP	++
hsa-mir-29c	TS	KIRP	--
hsa-mir-30b		KIRP	--
hsa-mir-30c-1	TS	KIRP	--
hsa-mir-30c-2	TS	KIRP	--
hsa-mir-31		KIRP	++
hsa-mir-331		KIRP	++
hsa-mir-335		KIRP	--
hsa-mir-342		KIRP	++
hsa-mir-423		KIRP	++
hsa-mir-497	TS	KIRP	--
hsa-mir-625		KIRP	++
hsa-mir-93	O	KIRP	++
hsa-mir-96	O	KIRP	++
hsa-let-7a-1		KIRP	--
hsa-let-7a-2		KIRP	--
hsa-let-7a-3		KIRP	--
hsa-let-7b	TS	KIRP	--
hsa-let-7e	TS	KIRP	--
hsa-let-7i		KIRP	++
hsa-mir-101-1	TS	LIHC	--
hsa-mir-101-2	TS	LIHC	--
hsa-mir-106b	O	LIHC	++
hsa-mir-10a		LIHC	--
hsa-mir-10b		LIHC	++
hsa-mir-122		LIHC	--
hsa-mir-125a	TS	LIHC	--
hsa-mir-125b-1		LIHC	--
hsa-mir-125b-2		LIHC	--
hsa-mir-126		LIHC	--
hsa-mir-130a		LIHC	--
hsa-mir-135a-1		LIHC	++
hsa-mir-135a-2		LIHC	++
hsa-mir-139	TS	LIHC	--
hsa-mir-141		LIHC	--
hsa-mir-142		LIHC	--
hsa-mir-144	TS	LIHC	--
hsa-mir-145	TS	LIHC	--
hsa-mir-150		LIHC	--
hsa-mir-182	O	LIHC	++
hsa-mir-183	O	LIHC	++
hsa-mir-194-1		LIHC	--
hsa-mir-194-2		LIHC	--
hsa-mir-195	TS	LIHC	--
hsa-mir-199a-1		LIHC	--
hsa-mir-199a-2		LIHC	--
hsa-mir-199b		LIHC	--
hsa-mir-19b-1		LIHC	--
hsa-mir-200a		LIHC	--
hsa-mir-200b		LIHC	--
hsa-mir-203a		LIHC	--
hsa-mir-20a	O	LIHC	--
hsa-mir-21	O	LIHC	++
hsa-mir-214		LIHC	--
hsa-mir-22		LIHC	--
hsa-mir-221		LIHC	++
hsa-mir-222	O	LIHC	++
hsa-mir-223		LIHC	--
hsa-mir-224	O	LIHC	++
hsa-mir-23a		LIHC	--
hsa-mir-23b		LIHC	--
hsa-mir-24-1		LIHC	--
hsa-mir-25	O	LIHC	++
hsa-mir-26a-1	TS	LIHC	--
hsa-mir-26a-2	TS	LIHC	--
hsa-mir-26b		LIHC	--
hsa-mir-27b		LIHC	--
hsa-mir-29b-1		LIHC	--
hsa-mir-29c	TS	LIHC	--
hsa-mir-30a	TS	LIHC	--
hsa-mir-30b		LIHC	--
hsa-mir-30c-1	TS	LIHC	--
hsa-mir-30c-2	TS	LIHC	--
hsa-mir-30e		LIHC	--
hsa-mir-335		LIHC	--
hsa-mir-342		LIHC	--
hsa-mir-34a		LIHC	++
hsa-mir-378a		LIHC	--
hsa-mir-423		LIHC	++
hsa-mir-451a	TS	LIHC	--
hsa-mir-455		LIHC	--
hsa-mir-483		LIHC	--
hsa-mir-486-1	TS	LIHC	--
hsa-mir-486-2	TS	LIHC	--
hsa-mir-494		LIHC	--
hsa-mir-497	TS	LIHC	--
hsa-mir-93	O	LIHC	++
hsa-mir-96	O	LIHC	++
hsa-mir-99a	TS	LIHC	--
hsa-let-7a-1		LIHC	--
hsa-let-7a-2		LIHC	--
hsa-let-7a-3		LIHC	--
hsa-let-7b	TS	LIHC	--
hsa-let-7c	TS	LIHC	--
hsa-let-7e	TS	LIHC	--
hsa-let-7g		LIHC	--
hsa-mir-1-1	TS	LUAD	--
hsa-mir-1-2	TS	LUAD	--
hsa-mir-125a	TS	LUAD	--
hsa-mir-125b-2		LUAD	--
hsa-mir-128-1		LUAD	++
hsa-mir-128-2		LUAD	++
hsa-mir-130b		LUAD	++
hsa-mir-132		LUAD	++
hsa-mir-133a-1	TS	LUAD	--
hsa-mir-133a-2	TS	LUAD	--
hsa-mir-133b	TS	LUAD	--
hsa-mir-135b	O	LUAD	++
hsa-mir-138-1	TS	LUAD	--
hsa-mir-138-2	TS	LUAD	--
hsa-mir-139	TS	LUAD	--
hsa-mir-140	TS	LUAD	--
hsa-mir-141		LUAD	++
hsa-mir-142		LUAD	++
hsa-mir-143	TS	LUAD	UP/DOWN
hsa-mir-144	TS	LUAD	--
hsa-mir-145	TS	LUAD	--
hsa-mir-148a		LUAD	++
hsa-mir-148b		LUAD	++
hsa-mir-17	O	LUAD	++
hsa-mir-181a-1		LUAD	++
hsa-mir-181a-2		LUAD	++
hsa-mir-181c		LUAD	++
hsa-mir-182	O	LUAD	++
hsa-mir-183	O	LUAD	++
hsa-mir-193b		LUAD	++
hsa-mir-195	TS	LUAD	--
hsa-mir-199a-1		LUAD	++
hsa-mir-199a-2		LUAD	++
hsa-mir-199b		LUAD	++
hsa-mir-19a	O	LUAD	++
hsa-mir-19b-1		LUAD	++
hsa-mir-200a		LUAD	++
hsa-mir-200b		LUAD	++
hsa-mir-200c		LUAD	++
hsa-mir-204	TS	LUAD	--
hsa-mir-20a	O	LUAD	++
hsa-mir-21	O	LUAD	++
hsa-mir-210	O	LUAD	++
hsa-mir-218-1	TS	LUAD	--
hsa-mir-22		LUAD	++
hsa-mir-26b		LUAD	++
hsa-mir-27b		LUAD	++
hsa-mir-28		LUAD	++
hsa-mir-29a		LUAD	++
hsa-mir-29b-1		LUAD	++
hsa-mir-29b-2		LUAD	++
hsa-mir-301a	O	LUAD	++
hsa-mir-30a	TS	LUAD	--
hsa-mir-30b		LUAD	--
hsa-mir-30c-1	TS	LUAD	--
hsa-mir-30c-2	TS	LUAD	--
hsa-mir-30d		LUAD	--
hsa-mir-31		LUAD	++
hsa-mir-345		LUAD	++
hsa-mir-34a		LUAD	++
hsa-mir-378a		LUAD	--
hsa-mir-451a	TS	LUAD	--
hsa-mir-455		LUAD	++
hsa-mir-486-1	TS	LUAD	--
hsa-mir-486-2	TS	LUAD	--
hsa-mir-625		LUAD	++
hsa-mir-7-1		LUAD	++
hsa-mir-7-2		LUAD	++
hsa-mir-7-3		LUAD	++
hsa-mir-9-1		LUAD	++
hsa-mir-9-2		LUAD	++
hsa-mir-93	O	LUAD	++
hsa-mir-9-3		LUAD	++
hsa-mir-96	O	LUAD	++
hsa-mir-99a	TS	LUAD	--
hsa-let-7a-1		LUAD	--
hsa-let-7a-2		LUAD	UP/DOWN
hsa-let-7a-3		LUAD	--
hsa-let-7b	TS	LUAD	--
hsa-let-7c	TS	LUAD	--
hsa-let-7e	TS	LUAD	--
hsa-let-7g		LUAD	++
hsa-let-7i		LUAD	++
hsa-mir-100	TS	LUSC	--
hsa-mir-101-1	TS	LUSC	--
hsa-mir-101-2	TS	LUSC	--
hsa-mir-103a-2	O	LUSC	++
hsa-mir-106b	O	LUSC	++
hsa-mir-10a		LUSC	--
hsa-mir-1-1	TS	LUSC	--
hsa-mir-1-2	TS	LUSC	--
hsa-mir-126		LUSC	--
hsa-mir-128-1		LUSC	++
hsa-mir-128-2		LUSC	++
hsa-mir-129-1	TS	LUSC	++
hsa-mir-129-2	TS	LUSC	++
hsa-mir-130b		LUSC	++
hsa-mir-133a-1	TS	LUSC	--
hsa-mir-133a-2	TS	LUSC	--
hsa-mir-133b	TS	LUSC	--
hsa-mir-135a-1		LUSC	--
hsa-mir-135a-2		LUSC	--
hsa-mir-135b	O	LUSC	++
hsa-mir-138-1	TS	LUSC	--
hsa-mir-138-2	TS	LUSC	--
hsa-mir-139	TS	LUSC	--
hsa-mir-140	TS	LUSC	--
hsa-mir-141		LUSC	++
hsa-mir-143	TS	LUSC	--
hsa-mir-144	TS	LUSC	--
hsa-mir-145	TS	LUSC	--
hsa-mir-146b		LUSC	--
hsa-mir-148b		LUSC	++
hsa-mir-149		LUSC	++
hsa-mir-15a		LUSC	--
hsa-mir-15b		LUSC	++
hsa-mir-17	O	LUSC	++
hsa-mir-181a-1		LUSC	--
hsa-mir-181a-2		LUSC	--
hsa-mir-181c		LUSC	--
hsa-mir-182	O	LUSC	++
hsa-mir-183	O	LUSC	++
hsa-mir-18a	O	LUSC	++
hsa-mir-192		LUSC	++
hsa-mir-193b		LUSC	++
hsa-mir-195	TS	LUSC	--
hsa-mir-19a	O	LUSC	++
hsa-mir-19b-1		LUSC	++
hsa-mir-200a		LUSC	++
hsa-mir-200b		LUSC	++
hsa-mir-200c		LUSC	++
hsa-mir-203a		LUSC	++
hsa-mir-205		LUSC	++
hsa-mir-206	TS	LUSC	--
hsa-mir-20a	O	LUSC	++
hsa-mir-21	O	LUSC	++
hsa-mir-210	O	LUSC	++
hsa-mir-218-1	TS	LUSC	--
hsa-mir-218-2	TS	LUSC	--
hsa-mir-221		LUSC	++
hsa-mir-223		LUSC	--
hsa-mir-224	O	LUSC	++
hsa-mir-26a-1	TS	LUSC	--
hsa-mir-26a-2	TS	LUSC	--
hsa-mir-27b		LUSC	++
hsa-mir-28		LUSC	++
hsa-mir-29a		LUSC	--
hsa-mir-29b-2		LUSC	--
hsa-mir-29c	TS	LUSC	--
hsa-mir-301a	O	LUSC	++
hsa-mir-30a	TS	LUSC	--
hsa-mir-30b		LUSC	--
hsa-mir-30c-1	TS	LUSC	UP/DOWN
hsa-mir-30c-2	TS	LUSC	--
hsa-mir-30d		LUSC	--
hsa-mir-30e		LUSC	--
hsa-mir-31		LUSC	++
hsa-mir-324		LUSC	++
hsa-mir-331		LUSC	++
hsa-mir-345		LUSC	++
hsa-mir-375		LUSC	--
hsa-mir-423		LUSC	++
hsa-mir-451a	TS	LUSC	--
hsa-mir-455		LUSC	++
hsa-mir-486-1	TS	LUSC	--
hsa-mir-486-2	TS	LUSC	--
hsa-mir-497	TS	LUSC	--
hsa-mir-625		LUSC	++
hsa-mir-7-1		LUSC	++
hsa-mir-7-2		LUSC	++
hsa-mir-7-3		LUSC	++
hsa-mir-9-1		LUSC	++
hsa-mir-9-2		LUSC	++
hsa-mir-92a-1		LUSC	++
hsa-mir-92a-2		LUSC	++
hsa-mir-93	O	LUSC	++
hsa-mir-9-3		LUSC	++
hsa-mir-96	O	LUSC	++
hsa-mir-99a	TS	LUSC	--
hsa-let-7a-1		LUSC	--
hsa-let-7a-2		LUSC	--
hsa-let-7a-3		LUSC	--
hsa-let-7c	TS	LUSC	--
hsa-let-7g		LUSC	++
hsa-let-7i		LUSC	++
hsa-mir-103a-1	O	PRAD	++
hsa-mir-103a-2	O	PRAD	++
hsa-mir-106a		PRAD	++
hsa-mir-106b	O	PRAD	++
hsa-mir-1-1	TS	PRAD	--
hsa-mir-1-2	TS	PRAD	--
hsa-mir-126		PRAD	++
hsa-mir-128-1		PRAD	++
hsa-mir-128-2		PRAD	++
hsa-mir-130b		PRAD	++
hsa-mir-132		PRAD	++
hsa-mir-133b	TS	PRAD	--
hsa-mir-140	TS	PRAD	++
hsa-mir-141		PRAD	++
hsa-mir-142		PRAD	++
hsa-mir-143	TS	PRAD	--
hsa-mir-145	TS	PRAD	--
hsa-mir-146b		PRAD	++
hsa-mir-148a		PRAD	++
hsa-mir-148b		PRAD	++
hsa-mir-150		PRAD	++
hsa-mir-15a		PRAD	++
hsa-mir-15b		PRAD	++
hsa-mir-16-1		PRAD	++
hsa-mir-16-2		PRAD	++
hsa-mir-17	O	PRAD	++
hsa-mir-181a-1		PRAD	++
hsa-mir-181a-2		PRAD	++
hsa-mir-182	O	PRAD	++
hsa-mir-183	O	PRAD	++
hsa-mir-18a	O	PRAD	++
hsa-mir-192		PRAD	++
hsa-mir-194-1		PRAD	++
hsa-mir-194-2		PRAD	++
hsa-mir-195	TS	PRAD	++
hsa-mir-199b		PRAD	++
hsa-mir-19a	O	PRAD	++
hsa-mir-19b-1		PRAD	++
hsa-mir-19b-2		PRAD	++
hsa-mir-200c		PRAD	++
hsa-mir-203a		PRAD	++
hsa-mir-204	TS	PRAD	--
hsa-mir-20a	O	PRAD	++
hsa-mir-21	O	PRAD	++
hsa-mir-210	O	PRAD	++
hsa-mir-221		PRAD	--
hsa-mir-222	O	PRAD	--
hsa-mir-25	O	PRAD	++
hsa-mir-26b		PRAD	++
hsa-mir-27b		PRAD	--
hsa-mir-29b-2		PRAD	++
hsa-mir-29c	TS	PRAD	++
hsa-mir-30b		PRAD	++
hsa-mir-30c-1	TS	PRAD	++
hsa-mir-30c-2	TS	PRAD	++
hsa-mir-30d		PRAD	++
hsa-mir-30e		PRAD	++
hsa-mir-32		PRAD	++
hsa-mir-320a		PRAD	++
hsa-mir-324		PRAD	++
hsa-mir-335		PRAD	++
hsa-mir-342		PRAD	++
hsa-mir-345		PRAD	++
hsa-mir-375		PRAD	++
hsa-mir-423		PRAD	++
hsa-mir-497	TS	PRAD	++
hsa-mir-7-1		PRAD	++
hsa-mir-7-2		PRAD	++
hsa-mir-7-3		PRAD	++
hsa-mir-92a-1		PRAD	++
hsa-mir-92a-2		PRAD	++
hsa-mir-93	O	PRAD	++
hsa-mir-96	O	PRAD	++
hsa-let-7a-1		PRAD	++
hsa-let-7a-2		PRAD	++
hsa-let-7a-3		PRAD	++
hsa-let-7b	TS	PRAD	++
hsa-let-7d		PRAD	++
hsa-let-7g		PRAD	++
hsa-let-7i		PRAD	++
hsa-mir-103a-1	O	STAD	++
hsa-mir-103a-2	O	STAD	++
hsa-mir-106b	O	STAD	++
hsa-mir-107		STAD	++
hsa-mir-1-1	TS	STAD	--
hsa-mir-1-2	TS	STAD	--
hsa-mir-125a	TS	STAD	--
hsa-mir-128-1		STAD	++
hsa-mir-128-2		STAD	++
hsa-mir-129-1	TS	STAD	--
hsa-mir-129-2	TS	STAD	--
hsa-mir-130b		STAD	++
hsa-mir-132		STAD	++
hsa-mir-133a-1	TS	STAD	--
hsa-mir-133a-2	TS	STAD	--
hsa-mir-133b	TS	STAD	--
hsa-mir-135b	O	STAD	++
hsa-mir-139	TS	STAD	--
hsa-mir-141		STAD	++
hsa-mir-142		STAD	++
hsa-mir-143	TS	STAD	--
hsa-mir-145	TS	STAD	--
hsa-mir-146b		STAD	++
hsa-mir-148b		STAD	++
hsa-mir-155	O	STAD	++
hsa-mir-15a		STAD	++
hsa-mir-15b		STAD	++
hsa-mir-16-1		STAD	++
hsa-mir-16-2		STAD	++
hsa-mir-17	O	STAD	++
hsa-mir-181a-1		STAD	++
hsa-mir-181a-2		STAD	++
hsa-mir-181b-1		STAD	++
hsa-mir-181b-2		STAD	++
hsa-mir-182	O	STAD	++
hsa-mir-183	O	STAD	++
hsa-mir-18a	O	STAD	++
hsa-mir-192		STAD	++
hsa-mir-194-1		STAD	++
hsa-mir-194-2		STAD	++
hsa-mir-195	TS	STAD	--
hsa-mir-199a-1		STAD	++
hsa-mir-199a-2		STAD	++
hsa-mir-199b		STAD	++
hsa-mir-19a	O	STAD	++
hsa-mir-19b-1		STAD	++
hsa-mir-19b-2		STAD	++
hsa-mir-200a		STAD	++
hsa-mir-200b		STAD	++
hsa-mir-200c		STAD	++
hsa-mir-204	TS	STAD	--
hsa-mir-20a	O	STAD	++
hsa-mir-21	O	STAD	++
hsa-mir-214		STAD	++
hsa-mir-22		STAD	++
hsa-mir-221		STAD	++
hsa-mir-222	O	STAD	++
hsa-mir-223		STAD	++
hsa-mir-23a		STAD	++
hsa-mir-24-1		STAD	++
hsa-mir-24-2		STAD	++
hsa-mir-25	O	STAD	++
hsa-mir-27a		STAD	++
hsa-mir-28		STAD	--
hsa-mir-29a		STAD	++
hsa-mir-29b-1		STAD	++
hsa-mir-301a	O	STAD	++
hsa-mir-30a	TS	STAD	--
hsa-mir-30c-1	TS	STAD	--
hsa-mir-30c-2	TS	STAD	--
hsa-mir-32		STAD	++
hsa-mir-320a		STAD	++
hsa-mir-324		STAD	++
hsa-mir-331		STAD	++
hsa-mir-335		STAD	++
hsa-mir-342		STAD	++
hsa-mir-345		STAD	++
hsa-mir-34a		STAD	++
hsa-mir-34c		STAD	++
hsa-mir-423		STAD	++
hsa-mir-7-1		STAD	++
hsa-mir-7-2		STAD	++
hsa-mir-7-3		STAD	++
hsa-mir-92a-1		STAD	++
hsa-mir-92a-2		STAD	++
hsa-mir-93	O	STAD	++
hsa-mir-96	O	STAD	++
hsa-mir-98		STAD	++
hsa-let-7a-1		STAD	++
hsa-let-7a-2		STAD	++
hsa-let-7a-3		STAD	++
hsa-let-7d		STAD	++
hsa-let-7f-1		STAD	++
hsa-let-7f-2		STAD	++
hsa-let-7i		STAD	++
hsa-mir-100	TS	THCA	--
hsa-mir-101-1	TS	THCA	--
hsa-mir-101-2	TS	THCA	--
hsa-mir-106a		THCA	--
hsa-mir-106b	O	THCA	--
hsa-mir-10a		THCA	--
hsa-mir-10b		THCA	--
hsa-mir-126		THCA	--
hsa-mir-128-1		THCA	--
hsa-mir-128-2		THCA	--
hsa-mir-130a		THCA	--
hsa-mir-130b		THCA	--
hsa-mir-133a-1	TS	THCA	--
hsa-mir-133a-2	TS	THCA	--
hsa-mir-133b	TS	THCA	--
hsa-mir-135b	O	THCA	++
hsa-mir-138-1	TS	THCA	--
hsa-mir-138-2	TS	THCA	--
hsa-mir-139	TS	THCA	--
hsa-mir-140	TS	THCA	--
hsa-mir-142		THCA	--
hsa-mir-143	TS	THCA	--
hsa-mir-144	TS	THCA	--
hsa-mir-145	TS	THCA	--
hsa-mir-146b		THCA	++
hsa-mir-148a		THCA	--
hsa-mir-148b		THCA	--
hsa-mir-150		THCA	--
hsa-mir-152		THCA	--
hsa-mir-15a		THCA	++
hsa-mir-15b		THCA	--
hsa-mir-16-1		THCA	++
hsa-mir-16-2		THCA	--
hsa-mir-17	O	THCA	++
hsa-mir-181a-1		THCA	++
hsa-mir-181a-2		THCA	++
hsa-mir-181b-1		THCA	++
hsa-mir-181b-2		THCA	++
hsa-mir-182	O	THCA	++
hsa-mir-183	O	THCA	++
hsa-mir-18a	O	THCA	--
hsa-mir-192		THCA	--
hsa-mir-193a		THCA	--
hsa-mir-193b		THCA	--
hsa-mir-194-1		THCA	--
hsa-mir-194-2		THCA	--
hsa-mir-195	TS	THCA	--
hsa-mir-199a-1		THCA	--
hsa-mir-199a-2		THCA	--
hsa-mir-199b		THCA	--
hsa-mir-19b-1		THCA	--
hsa-mir-19b-2		THCA	--
hsa-mir-204	TS	THCA	--
hsa-mir-21	O	THCA	++
hsa-mir-214		THCA	--
hsa-mir-215		THCA	--
hsa-mir-218-1	TS	THCA	--
hsa-mir-218-2	TS	THCA	--
hsa-mir-221		THCA	++
hsa-mir-222	O	THCA	++
hsa-mir-223		THCA	--
hsa-mir-224	O	THCA	++
hsa-mir-23b		THCA	++
hsa-mir-24-2		THCA	--
hsa-mir-25	O	THCA	--
hsa-mir-26a-1	TS	THCA	--
hsa-mir-26a-2	TS	THCA	--
hsa-mir-26b		THCA	--
hsa-mir-27a		THCA	--
hsa-mir-28		THCA	--
hsa-mir-29b-1		THCA	--
hsa-mir-29b-2		THCA	--
hsa-mir-29c	TS	THCA	--
hsa-mir-30a	TS	THCA	--
hsa-mir-30b		THCA	--
hsa-mir-30c-1	TS	THCA	--
hsa-mir-30c-2	TS	THCA	--
hsa-mir-30e		THCA	++
hsa-mir-31		THCA	++
hsa-mir-331		THCA	--
hsa-mir-342		THCA	--
hsa-mir-345		THCA	--
hsa-mir-34a		THCA	++
hsa-mir-34c		THCA	--
hsa-mir-375		THCA	++
hsa-mir-451a	TS	THCA	--
hsa-mir-455		THCA	--
hsa-mir-486-1	TS	THCA	--
hsa-mir-486-2	TS	THCA	--
hsa-mir-497	TS	THCA	--
hsa-mir-7-1		THCA	--
hsa-mir-7-2		THCA	--
hsa-mir-7-3		THCA	--
hsa-mir-9-1		THCA	--
hsa-mir-9-2		THCA	--
hsa-mir-92a-1		THCA	--
hsa-mir-9-3		THCA	--
hsa-mir-96	O	THCA	++
hsa-mir-99a	TS	THCA	--
hsa-let-7a-1		THCA	--
hsa-let-7a-2		THCA	--
hsa-let-7a-3		THCA	--
hsa-let-7b	TS	THCA	--
hsa-let-7c	TS	THCA	--
hsa-let-7e	TS	THCA	++
hsa-let-7i		THCA	--
hsa-mir-100	TS	UCEC	--
hsa-mir-101-1	TS	UCEC	--
hsa-mir-101-2	TS	UCEC	--
hsa-mir-103a-1	O	UCEC	++
hsa-mir-103a-2	O	UCEC	++
hsa-mir-106a		UCEC	++
hsa-mir-106b	O	UCEC	++
hsa-mir-107		UCEC	++
hsa-mir-10b		UCEC	--
hsa-mir-1-1	TS	UCEC	--
hsa-mir-1-2	TS	UCEC	--
hsa-mir-125a	TS	UCEC	++
hsa-mir-126		UCEC	--
hsa-mir-128-1		UCEC	++
hsa-mir-128-2		UCEC	++
hsa-mir-130b		UCEC	++
hsa-mir-133a-1	TS	UCEC	--
hsa-mir-133a-2	TS	UCEC	--
hsa-mir-133b	TS	UCEC	--
hsa-mir-135b	O	UCEC	++
hsa-mir-139	TS	UCEC	--
hsa-mir-140	TS	UCEC	--
hsa-mir-141		UCEC	++
hsa-mir-142		UCEC	++
hsa-mir-143	TS	UCEC	--
hsa-mir-145	TS	UCEC	--
hsa-mir-148b		UCEC	++
hsa-mir-15a		UCEC	++
hsa-mir-15b		UCEC	++
hsa-mir-16-1		UCEC	++
hsa-mir-16-2		UCEC	++
hsa-mir-17	O	UCEC	++
hsa-mir-181a-1		UCEC	++
hsa-mir-181a-2		UCEC	++
hsa-mir-181b-1		UCEC	++
hsa-mir-181b-2		UCEC	++
hsa-mir-181c		UCEC	++
hsa-mir-182	O	UCEC	++
hsa-mir-183	O	UCEC	++
hsa-mir-18a	O	UCEC	++
hsa-mir-192		UCEC	++
hsa-mir-193b		UCEC	++
hsa-mir-194-1		UCEC	++
hsa-mir-194-2		UCEC	++
hsa-mir-195	TS	UCEC	--
hsa-mir-19a	O	UCEC	++
hsa-mir-19b-1		UCEC	++
hsa-mir-19b-2		UCEC	++
hsa-mir-200a		UCEC	++
hsa-mir-200b		UCEC	++
hsa-mir-200c		UCEC	++
hsa-mir-203a		UCEC	++
hsa-mir-205		UCEC	++
hsa-mir-20a	O	UCEC	++
hsa-mir-21	O	UCEC	++
hsa-mir-210	O	UCEC	++
hsa-mir-215		UCEC	++
hsa-mir-22		UCEC	++
hsa-mir-224	O	UCEC	++
hsa-mir-23a		UCEC	++
hsa-mir-24-1		UCEC	UP/DOWN
hsa-mir-24-2		UCEC	++
hsa-mir-25	O	UCEC	++
hsa-mir-27a		UCEC	++
hsa-mir-29a		UCEC	UP/DOWN
hsa-mir-29c	TS	UCEC	--
hsa-mir-301a	O	UCEC	++
hsa-mir-32		UCEC	++
hsa-mir-324		UCEC	++
hsa-mir-331		UCEC	++
hsa-mir-342		UCEC	++
hsa-mir-345		UCEC	++
hsa-mir-375		UCEC	++
hsa-mir-423		UCEC	++
hsa-mir-455		UCEC	++
hsa-mir-7-1		UCEC	++
hsa-mir-7-2		UCEC	++
hsa-mir-7-3		UCEC	++
hsa-mir-9-1		UCEC	++
hsa-mir-9-2		UCEC	++
hsa-mir-92a-1		UCEC	++
hsa-mir-92a-2		UCEC	++
hsa-mir-93	O	UCEC	++
hsa-mir-9-3		UCEC	++
hsa-mir-96	O	UCEC	++
hsa-mir-98		UCEC	++
hsa-mir-99a	TS	UCEC	--
hsa-mir-99b		UCEC	++
hsa-let-7a-1		UCEC	++
hsa-let-7a-2		UCEC	++
hsa-let-7a-3		UCEC	++
hsa-let-7d		UCEC	++
hsa-let-7f-1		UCEC	++
hsa-let-7f-2		UCEC	++
hsa-let-7g		UCEC	++
