feature	cluster	CMC_score
hsa-mir-106a	BLCA	2.0
hsa-mir-106b	BLCA	5.0
hsa-mir-1-1	BLCA	4.0
hsa-mir-1180	BLCA	1.0
hsa-mir-1-2	BLCA	4.0
hsa-mir-1266	BLCA	0.0
hsa-mir-128-1	BLCA	3.5
hsa-mir-128-2	BLCA	3.5
hsa-mir-1301	BLCA	0.0
hsa-mir-1307	BLCA	1.0
hsa-mir-130b	BLCA	3.0
hsa-mir-133a-1	BLCA	4.5
hsa-mir-133a-2	BLCA	4.5
hsa-mir-133b	BLCA	3.0
hsa-mir-139	BLCA	4.0
hsa-mir-143	BLCA	6.0
hsa-mir-145	BLCA	6.0
hsa-mir-148b	BLCA	2.0
hsa-mir-149	BLCA	2.0
hsa-mir-151a	BLCA	1.5
hsa-mir-15b	BLCA	4.0
hsa-mir-16-1	BLCA	6.0
hsa-mir-16-2	BLCA	5.0
hsa-mir-17	BLCA	5.0
hsa-mir-181a-1	BLCA	5.0
hsa-mir-181a-2	BLCA	5.0
hsa-mir-181b-1	BLCA	4.0
hsa-mir-181b-2	BLCA	4.0
hsa-mir-181c	BLCA	2.5
hsa-mir-182	BLCA	4.0
hsa-mir-183	BLCA	4.5
hsa-mir-185	BLCA	1.5
hsa-mir-188	BLCA	0.5
hsa-mir-18a	BLCA	4.0
hsa-mir-191	BLCA	1.5
hsa-mir-192	BLCA	3.5
hsa-mir-193b	BLCA	3.0
hsa-mir-196b	BLCA	0.5
hsa-mir-197	BLCA	0.0
hsa-mir-19a	BLCA	5.0
hsa-mir-19b-1	BLCA	4.0
hsa-mir-19b-2	BLCA	4.0
hsa-mir-200a	BLCA	4.5
hsa-mir-200b	BLCA	4.5
hsa-mir-205	BLCA	5.0
hsa-mir-20a	BLCA	4.5
hsa-mir-21	BLCA	7.0
hsa-mir-210	BLCA	3.5
hsa-mir-215	BLCA	2.0
hsa-mir-25	BLCA	4.0
hsa-mir-301a	BLCA	3.5
hsa-mir-3065	BLCA	0.0
hsa-mir-30a	BLCA	5.5
hsa-mir-324	BLCA	3.0
hsa-mir-331	BLCA	2.0
hsa-mir-335	BLCA	3.5
hsa-mir-339	BLCA	1.5
hsa-mir-33a	BLCA	1.5
hsa-mir-345	BLCA	2.0
hsa-mir-3613	BLCA	0.0
hsa-mir-3677	BLCA	0.0
hsa-mir-423	BLCA	2.5
hsa-mir-424	BLCA	1.5
hsa-mir-425	BLCA	1.5
hsa-mir-429	BLCA	1.0
hsa-mir-450a-1	BLCA	0.0
hsa-mir-450a-2	BLCA	0.0
hsa-mir-450b	BLCA	0.0
hsa-mir-454	BLCA	0.0
hsa-mir-455	BLCA	2.5
hsa-mir-490	BLCA	0.0
hsa-mir-550a-1	BLCA	0.0
hsa-mir-550a-2	BLCA	0.0
hsa-mir-550a-3	BLCA	0.0
hsa-mir-576	BLCA	0.0
hsa-mir-584	BLCA	1.0
hsa-mir-589	BLCA	1.0
hsa-mir-590	BLCA	1.5
hsa-mir-629	BLCA	0.5
hsa-mir-651	BLCA	0.0
hsa-mir-652	BLCA	0.0
hsa-mir-671	BLCA	0.0
hsa-mir-708	BLCA	1.0
hsa-mir-7-1	BLCA	4.5
hsa-mir-744	BLCA	0.0
hsa-mir-769	BLCA	1.0
hsa-mir-92a-1	BLCA	4.5
hsa-mir-92a-2	BLCA	4.5
hsa-mir-93	BLCA	3.0
hsa-mir-937	BLCA	0.0
hsa-mir-942	BLCA	1.0
hsa-mir-96	BLCA	3.5
hsa-mir-99b	BLCA	2.0
hsa-let-7g	BLCA	3.0
hsa-mir-100	BRCA	5.0
hsa-mir-101-1	BRCA	6.0
hsa-mir-101-2	BRCA	6.0
hsa-mir-103a-1	BRCA	3.0
hsa-mir-103a-2	BRCA	3.0
hsa-mir-105-1	BRCA	0.0
hsa-mir-105-2	BRCA	0.0
hsa-mir-106a	BRCA	2.0
hsa-mir-106b	BRCA	5.0
hsa-mir-107	BRCA	3.0
hsa-mir-10a	BRCA	3.0
hsa-mir-10b	BRCA	5.0
hsa-mir-1-1	BRCA	4.0
hsa-mir-1-2	BRCA	4.0
hsa-mir-1247	BRCA	0.0
hsa-mir-125b-1	BRCA	4.0
hsa-mir-125b-2	BRCA	4.0
hsa-mir-126	BRCA	5.0
hsa-mir-1266	BRCA	0.0
hsa-mir-1269a	BRCA	1.0
hsa-mir-127	BRCA	1.5
hsa-mir-1277	BRCA	0.0
hsa-mir-128-1	BRCA	3.5
hsa-mir-128-2	BRCA	3.5
hsa-mir-129-1	BRCA	2.5
hsa-mir-129-2	BRCA	2.5
hsa-mir-1296	BRCA	1.0
hsa-mir-1301	BRCA	0.0
hsa-mir-1307	BRCA	1.0
hsa-mir-130a	BRCA	2.5
hsa-mir-130b	BRCA	3.0
hsa-mir-133a-1	BRCA	4.5
hsa-mir-133a-2	BRCA	4.5
hsa-mir-134	BRCA	1.0
hsa-mir-136	BRCA	0.5
hsa-mir-139	BRCA	4.0
hsa-mir-140	BRCA	4.0
hsa-mir-141	BRCA	4.5
hsa-mir-142	BRCA	4.0
hsa-mir-143	BRCA	6.0
hsa-mir-144	BRCA	3.0
hsa-mir-145	BRCA	6.0
hsa-mir-147b	BRCA	0.0
hsa-mir-148a	BRCA	3.0
hsa-mir-148b	BRCA	2.0
hsa-mir-149	BRCA	2.0
hsa-mir-151a	BRCA	1.5
hsa-mir-154	BRCA	0.5
hsa-mir-155	BRCA	5.5
hsa-mir-15a	BRCA	5.0
hsa-mir-15b	BRCA	4.0
hsa-mir-16-1	BRCA	6.0
hsa-mir-16-2	BRCA	5.0
hsa-mir-17	BRCA	5.0
hsa-mir-181a-1	BRCA	5.0
hsa-mir-181a-2	BRCA	5.0
hsa-mir-181b-1	BRCA	4.0
hsa-mir-181b-2	BRCA	4.0
hsa-mir-181c	BRCA	2.5
hsa-mir-182	BRCA	4.0
hsa-mir-183	BRCA	4.5
hsa-mir-184	BRCA	0.5
hsa-mir-185	BRCA	1.5
hsa-mir-187	BRCA	0.0
hsa-mir-188	BRCA	0.5
hsa-mir-18a	BRCA	4.0
hsa-mir-190a	BRCA	0.0
hsa-mir-190b	BRCA	0.0
hsa-mir-191	BRCA	1.5
hsa-mir-192	BRCA	3.5
hsa-mir-193a	BRCA	2.5
hsa-mir-194-1	BRCA	3.5
hsa-mir-194-2	BRCA	3.5
hsa-mir-195	BRCA	4.5
hsa-mir-196a-1	BRCA	1.0
hsa-mir-196a-2	BRCA	1.0
hsa-mir-199b	BRCA	3.0
hsa-mir-19a	BRCA	5.0
hsa-mir-200a	BRCA	4.5
hsa-mir-200b	BRCA	4.5
hsa-mir-200c	BRCA	4.5
hsa-mir-203a	BRCA	4.5
hsa-mir-204	BRCA	3.0
hsa-mir-205	BRCA	5.0
hsa-mir-20b	BRCA	0.5
hsa-mir-21	BRCA	7.0
hsa-mir-210	BRCA	3.5
hsa-mir-214	BRCA	4.0
hsa-mir-215	BRCA	2.0
hsa-mir-217	BRCA	0.5
hsa-mir-218-1	BRCA	3.0
hsa-mir-218-2	BRCA	3.0
hsa-mir-22	BRCA	2.5
hsa-mir-221	BRCA	5.0
hsa-mir-223	BRCA	4.0
hsa-mir-224	BRCA	3.5
hsa-mir-26a-1	BRCA	6.0
hsa-mir-26a-2	BRCA	6.0
hsa-mir-27a	BRCA	4.0
hsa-mir-27b	BRCA	3.5
hsa-mir-28	BRCA	3.0
hsa-mir-296	BRCA	0.5
hsa-mir-299	BRCA	0.5
hsa-mir-29a	BRCA	4.5
hsa-mir-29b-1	BRCA	5.0
hsa-mir-29b-2	BRCA	5.0
hsa-mir-301a	BRCA	3.5
hsa-mir-301b	BRCA	0.0
hsa-mir-3065	BRCA	0.0
hsa-mir-30a	BRCA	5.5
hsa-mir-30c-2	BRCA	4.5
hsa-mir-30e	BRCA	5.0
hsa-mir-3127	BRCA	0.0
hsa-mir-32	BRCA	3.5
hsa-mir-3200	BRCA	0.0
hsa-mir-320a	BRCA	2.0
hsa-mir-323b	BRCA	0.0
hsa-mir-324	BRCA	3.0
hsa-mir-326	BRCA	1.0
hsa-mir-328	BRCA	1.5
hsa-mir-329-1	BRCA	0.0
hsa-mir-329-2	BRCA	0.0
hsa-mir-330	BRCA	1.0
hsa-mir-331	BRCA	2.0
hsa-mir-335	BRCA	3.5
hsa-mir-337	BRCA	1.5
hsa-mir-338	BRCA	1.5
hsa-mir-339	BRCA	1.5
hsa-mir-33a	BRCA	1.5
hsa-mir-33b	BRCA	0.0
hsa-mir-340	BRCA	0.5
hsa-mir-342	BRCA	3.5
hsa-mir-345	BRCA	2.0
hsa-mir-361	BRCA	1.5
hsa-mir-3613	BRCA	0.0
hsa-mir-3614	BRCA	0.0
hsa-mir-365a	BRCA	1.5
hsa-mir-3664	BRCA	0.0
hsa-mir-3677	BRCA	0.0
hsa-mir-369	BRCA	0.0
hsa-mir-370	BRCA	0.5
hsa-mir-374b	BRCA	0.0
hsa-mir-375	BRCA	4.0
hsa-mir-376a-1	BRCA	0.0
hsa-mir-376a-2	BRCA	0.0
hsa-mir-376b	BRCA	0.0
hsa-mir-376c	BRCA	0.0
hsa-mir-377	BRCA	0.0
hsa-mir-378a	BRCA	3.0
hsa-mir-379	BRCA	1.0
hsa-mir-381	BRCA	0.0
hsa-mir-383	BRCA	1.0
hsa-mir-3928	BRCA	0.0
hsa-mir-410	BRCA	0.0
hsa-mir-411	BRCA	0.0
hsa-mir-423	BRCA	2.5
hsa-mir-424	BRCA	1.5
hsa-mir-425	BRCA	1.5
hsa-mir-429	BRCA	1.0
hsa-mir-431	BRCA	0.0
hsa-mir-432	BRCA	0.0
hsa-mir-433	BRCA	0.0
hsa-mir-449a	BRCA	2.0
hsa-mir-450b	BRCA	0.0
hsa-mir-451a	BRCA	4.5
hsa-mir-452	BRCA	0.0
hsa-mir-454	BRCA	0.0
hsa-mir-455	BRCA	2.5
hsa-mir-483	BRCA	2.0
hsa-mir-485	BRCA	0.0
hsa-mir-486-1	BRCA	2.0
hsa-mir-486-2	BRCA	2.0
hsa-mir-487b	BRCA	0.0
hsa-mir-491	BRCA	0.0
hsa-mir-493	BRCA	0.0
hsa-mir-494	BRCA	2.0
hsa-mir-495	BRCA	1.0
hsa-mir-497	BRCA	3.5
hsa-mir-503	BRCA	0.5
hsa-mir-511	BRCA	0.0
hsa-mir-539	BRCA	0.0
hsa-mir-543	BRCA	0.0
hsa-mir-551b	BRCA	0.0
hsa-mir-584	BRCA	1.0
hsa-mir-585	BRCA	0.0
hsa-mir-589	BRCA	1.0
hsa-mir-590	BRCA	1.5
hsa-mir-592	BRCA	0.0
hsa-mir-615	BRCA	1.0
hsa-mir-616	BRCA	0.0
hsa-mir-625	BRCA	2.0
hsa-mir-628	BRCA	0.0
hsa-mir-629	BRCA	0.5
hsa-mir-654	BRCA	0.0
hsa-mir-655	BRCA	0.0
hsa-mir-656	BRCA	0.0
hsa-mir-671	BRCA	0.0
hsa-mir-675	BRCA	0.0
hsa-mir-676	BRCA	0.0
hsa-mir-708	BRCA	1.0
hsa-mir-7-1	BRCA	4.5
hsa-mir-7-2	BRCA	4.5
hsa-mir-7-3	BRCA	4.5
hsa-mir-744	BRCA	0.0
hsa-mir-758	BRCA	0.0
hsa-mir-760	BRCA	0.0
hsa-mir-766	BRCA	0.0
hsa-mir-767	BRCA	0.0
hsa-mir-769	BRCA	1.0
hsa-mir-877	BRCA	0.0
hsa-mir-889	BRCA	0.0
hsa-mir-92a-1	BRCA	4.5
hsa-mir-92a-2	BRCA	4.5
hsa-mir-92b	BRCA	1.0
hsa-mir-93	BRCA	3.0
hsa-mir-937	BRCA	0.0
hsa-mir-944	BRCA	0.0
hsa-mir-96	BRCA	3.5
hsa-mir-98	BRCA	2.0
hsa-mir-99a	BRCA	5.0
hsa-mir-99b	BRCA	2.0
hsa-let-7a-1	BRCA	4.5
hsa-let-7a-2	BRCA	4.5
hsa-let-7a-3	BRCA	4.5
hsa-let-7b	BRCA	5.0
hsa-let-7c	BRCA	5.0
hsa-let-7d	BRCA	4.0
hsa-let-7f-1	BRCA	4.0
hsa-let-7f-2	BRCA	4.0
hsa-let-7g	BRCA	3.0
hsa-let-7i	BRCA	3.5
hsa-mir-101-1	CHOL	6.0
hsa-mir-101-2	CHOL	6.0
hsa-mir-122	CHOL	3.5
hsa-mir-125b-2	CHOL	4.0
hsa-mir-1301	CHOL	0.0
hsa-mir-139	CHOL	4.0
hsa-mir-144	CHOL	3.0
hsa-mir-148a	CHOL	3.0
hsa-mir-152	CHOL	3.0
hsa-mir-182	CHOL	4.0
hsa-mir-183	CHOL	4.5
hsa-mir-192	CHOL	3.5
hsa-mir-193a	CHOL	2.5
hsa-mir-193b	CHOL	3.0
hsa-mir-194-1	CHOL	3.5
hsa-mir-194-2	CHOL	3.5
hsa-mir-200a	CHOL	4.5
hsa-mir-200b	CHOL	4.5
hsa-mir-21	CHOL	7.0
hsa-mir-22	CHOL	2.5
hsa-mir-23b	CHOL	3.0
hsa-mir-24-1	CHOL	3.0
hsa-mir-24-2	CHOL	3.0
hsa-mir-27a	CHOL	4.0
hsa-mir-27b	CHOL	3.5
hsa-mir-30e	CHOL	5.0
hsa-mir-330	CHOL	1.0
hsa-mir-365a	CHOL	1.5
hsa-mir-378a	CHOL	3.0
hsa-mir-383	CHOL	1.0
hsa-mir-424	CHOL	1.5
hsa-mir-429	CHOL	1.0
hsa-mir-451a	CHOL	4.5
hsa-mir-483	CHOL	2.0
hsa-mir-490	CHOL	0.0
hsa-mir-92b	CHOL	1.0
hsa-mir-96	CHOL	3.5
hsa-mir-99a	CHOL	5.0
hsa-mir-99b	CHOL	2.0
hsa-let-7c	CHOL	5.0
hsa-mir-101-1	COAD	6.0
hsa-mir-101-2	COAD	6.0
hsa-mir-106b	COAD	5.0
hsa-mir-1180	COAD	1.0
hsa-mir-1249	COAD	0.0
hsa-mir-125a	COAD	4.0
hsa-mir-126	COAD	5.0
hsa-mir-1266	COAD	0.0
hsa-mir-129-1	COAD	2.5
hsa-mir-129-2	COAD	2.5
hsa-mir-1296	COAD	1.0
hsa-mir-1306	COAD	0.0
hsa-mir-1307	COAD	1.0
hsa-mir-135b	COAD	2.5
hsa-mir-136	COAD	0.5
hsa-mir-139	COAD	4.0
hsa-mir-140	COAD	4.0
hsa-mir-141	COAD	4.5
hsa-mir-142	COAD	4.0
hsa-mir-144	COAD	3.0
hsa-mir-146b	COAD	2.5
hsa-mir-150	COAD	4.0
hsa-mir-152	COAD	3.0
hsa-mir-16-1	COAD	6.0
hsa-mir-16-2	COAD	5.0
hsa-mir-181a-1	COAD	5.0
hsa-mir-181a-2	COAD	5.0
hsa-mir-182	COAD	4.0
hsa-mir-185	COAD	1.5
hsa-mir-18a	COAD	4.0
hsa-mir-193a	COAD	2.5
hsa-mir-193b	COAD	3.0
hsa-mir-195	COAD	4.5
hsa-mir-197	COAD	0.0
hsa-mir-199a-1	COAD	5.0
hsa-mir-199a-2	COAD	5.0
hsa-mir-199b	COAD	3.0
hsa-mir-19a	COAD	5.0
hsa-mir-19b-1	COAD	4.0
hsa-mir-19b-2	COAD	4.0
hsa-mir-200c	COAD	4.5
hsa-mir-21	COAD	7.0
hsa-mir-222	COAD	4.5
hsa-mir-2355	COAD	1.0
hsa-mir-23a	COAD	3.5
hsa-mir-26a-1	COAD	6.0
hsa-mir-29a	COAD	4.5
hsa-mir-29b-1	COAD	5.0
hsa-mir-29b-2	COAD	5.0
hsa-mir-301a	COAD	3.5
hsa-mir-30e	COAD	5.0
hsa-mir-32	COAD	3.5
hsa-mir-324	COAD	3.0
hsa-mir-328	COAD	1.5
hsa-mir-330	COAD	1.0
hsa-mir-335	COAD	3.5
hsa-mir-342	COAD	3.5
hsa-mir-361	COAD	1.5
hsa-mir-374a	COAD	0.0
hsa-mir-378a	COAD	3.0
hsa-mir-423	COAD	2.5
hsa-mir-429	COAD	1.0
hsa-mir-450b	COAD	0.0
hsa-mir-452	COAD	0.0
hsa-mir-486-1	COAD	2.0
hsa-mir-486-2	COAD	2.0
hsa-mir-505	COAD	0.5
hsa-mir-532	COAD	1.5
hsa-mir-542	COAD	1.0
hsa-mir-574	COAD	1.0
hsa-mir-582	COAD	0.0
hsa-mir-589	COAD	1.0
hsa-mir-590	COAD	1.5
hsa-mir-605	COAD	0.0
hsa-mir-628	COAD	0.0
hsa-mir-652	COAD	0.0
hsa-mir-671	COAD	0.0
hsa-mir-744	COAD	0.0
hsa-mir-766	COAD	0.0
hsa-mir-92b	COAD	1.0
hsa-mir-96	COAD	3.5
hsa-mir-98	COAD	2.0
hsa-let-7a-1	COAD	4.5
hsa-let-7a-2	COAD	4.5
hsa-let-7a-3	COAD	4.5
hsa-let-7b	COAD	5.0
hsa-let-7d	COAD	4.0
hsa-mir-103a-1	ESCA	3.0
hsa-mir-103a-2	ESCA	3.0
hsa-mir-106b	ESCA	5.0
hsa-mir-1180	ESCA	1.0
hsa-mir-135b	ESCA	2.5
hsa-mir-15a	ESCA	5.0
hsa-mir-15b	ESCA	4.0
hsa-mir-16-1	ESCA	6.0
hsa-mir-181a-1	ESCA	5.0
hsa-mir-181a-2	ESCA	5.0
hsa-mir-181b-1	ESCA	4.0
hsa-mir-181b-2	ESCA	4.0
hsa-mir-196a-1	ESCA	1.0
hsa-mir-196a-2	ESCA	1.0
hsa-mir-21	ESCA	7.0
hsa-mir-25	ESCA	4.0
hsa-mir-331	ESCA	2.0
hsa-mir-335	ESCA	3.5
hsa-mir-629	ESCA	0.5
hsa-mir-877	ESCA	0.0
hsa-mir-92a-1	ESCA	4.5
hsa-mir-93	ESCA	3.0
hsa-mir-942	ESCA	1.0
hsa-mir-100	HNSC	5.0
hsa-mir-101-1	HNSC	6.0
hsa-mir-101-2	HNSC	6.0
hsa-mir-103a-1	HNSC	3.0
hsa-mir-103a-2	HNSC	3.0
hsa-mir-105-1	HNSC	0.0
hsa-mir-105-2	HNSC	0.0
hsa-mir-106b	HNSC	5.0
hsa-mir-10b	HNSC	5.0
hsa-mir-1-1	HNSC	4.0
hsa-mir-1180	HNSC	1.0
hsa-mir-1-2	HNSC	4.0
hsa-mir-125b-1	HNSC	4.0
hsa-mir-125b-2	HNSC	4.0
hsa-mir-126	HNSC	5.0
hsa-mir-1269a	HNSC	1.0
hsa-mir-127	HNSC	1.5
hsa-mir-1301	HNSC	0.0
hsa-mir-1306	HNSC	0.0
hsa-mir-1307	HNSC	1.0
hsa-mir-130b	HNSC	3.0
hsa-mir-133a-1	HNSC	4.5
hsa-mir-133a-2	HNSC	4.5
hsa-mir-135a-1	HNSC	2.0
hsa-mir-135a-2	HNSC	2.0
hsa-mir-135b	HNSC	2.5
hsa-mir-136	HNSC	0.5
hsa-mir-139	HNSC	4.0
hsa-mir-140	HNSC	4.0
hsa-mir-143	HNSC	6.0
hsa-mir-144	HNSC	3.0
hsa-mir-145	HNSC	6.0
hsa-mir-146b	HNSC	2.5
hsa-mir-148b	HNSC	2.0
hsa-mir-151a	HNSC	1.5
hsa-mir-154	HNSC	0.5
hsa-mir-15a	HNSC	5.0
hsa-mir-15b	HNSC	4.0
hsa-mir-16-2	HNSC	5.0
hsa-mir-17	HNSC	5.0
hsa-mir-181a-1	HNSC	5.0
hsa-mir-181a-2	HNSC	5.0
hsa-mir-181b-1	HNSC	4.0
hsa-mir-181b-2	HNSC	4.0
hsa-mir-182	HNSC	4.0
hsa-mir-183	HNSC	4.5
hsa-mir-185	HNSC	1.5
hsa-mir-18a	HNSC	4.0
hsa-mir-190a	HNSC	0.0
hsa-mir-1910	HNSC	0.0
hsa-mir-193b	HNSC	3.0
hsa-mir-195	HNSC	4.5
hsa-mir-196a-1	HNSC	1.0
hsa-mir-196a-2	HNSC	1.0
hsa-mir-196b	HNSC	0.5
hsa-mir-197	HNSC	0.0
hsa-mir-199b	HNSC	3.0
hsa-mir-19a	HNSC	5.0
hsa-mir-204	HNSC	3.0
hsa-mir-205	HNSC	5.0
hsa-mir-208b	HNSC	0.0
hsa-mir-20a	HNSC	4.5
hsa-mir-21	HNSC	7.0
hsa-mir-210	HNSC	3.5
hsa-mir-217	HNSC	0.5
hsa-mir-218-1	HNSC	3.0
hsa-mir-218-2	HNSC	3.0
hsa-mir-22	HNSC	2.5
hsa-mir-222	HNSC	4.5
hsa-mir-224	HNSC	3.5
hsa-mir-2355	HNSC	1.0
hsa-mir-23a	HNSC	3.5
hsa-mir-24-2	HNSC	3.0
hsa-mir-25	HNSC	4.0
hsa-mir-26a-1	HNSC	6.0
hsa-mir-26a-2	HNSC	6.0
hsa-mir-26b	HNSC	3.5
hsa-mir-27b	HNSC	3.5
hsa-mir-28	HNSC	3.0
hsa-mir-299	HNSC	0.5
hsa-mir-29a	HNSC	4.5
hsa-mir-29b-1	HNSC	5.0
hsa-mir-29b-2	HNSC	5.0
hsa-mir-29c	HNSC	6.0
hsa-mir-301a	HNSC	3.5
hsa-mir-30a	HNSC	5.5
hsa-mir-30b	HNSC	3.0
hsa-mir-30c-2	HNSC	4.5
hsa-mir-30d	HNSC	3.0
hsa-mir-30e	HNSC	5.0
hsa-mir-31	HNSC	5.0
hsa-mir-3127	HNSC	0.0
hsa-mir-320a	HNSC	2.0
hsa-mir-320b-1	HNSC	0.0
hsa-mir-320b-2	HNSC	0.0
hsa-mir-323b	HNSC	0.0
hsa-mir-324	HNSC	3.0
hsa-mir-330	HNSC	1.0
hsa-mir-331	HNSC	2.0
hsa-mir-335	HNSC	3.5
hsa-mir-337	HNSC	1.5
hsa-mir-338	HNSC	1.5
hsa-mir-3614	HNSC	0.0
hsa-mir-362	HNSC	1.5
hsa-mir-363	HNSC	1.0
hsa-mir-3677	HNSC	0.0
hsa-mir-369	HNSC	0.0
hsa-mir-374a	HNSC	0.0
hsa-mir-375	HNSC	4.0
hsa-mir-376c	HNSC	0.0
hsa-mir-377	HNSC	0.0
hsa-mir-378a	HNSC	3.0
hsa-mir-379	HNSC	1.0
hsa-mir-381	HNSC	0.0
hsa-mir-3934	HNSC	0.0
hsa-mir-410	HNSC	0.0
hsa-mir-411	HNSC	0.0
hsa-mir-421	HNSC	1.5
hsa-mir-423	HNSC	2.5
hsa-mir-424	HNSC	1.5
hsa-mir-425	HNSC	1.5
hsa-mir-431	HNSC	0.0
hsa-mir-450a-1	HNSC	0.0
hsa-mir-450a-2	HNSC	0.0
hsa-mir-450b	HNSC	0.0
hsa-mir-451a	HNSC	4.5
hsa-mir-452	HNSC	0.0
hsa-mir-454	HNSC	0.0
hsa-mir-455	HNSC	2.5
hsa-mir-486-1	HNSC	2.0
hsa-mir-486-2	HNSC	2.0
hsa-mir-487b	HNSC	0.0
hsa-mir-495	HNSC	1.0
hsa-mir-497	HNSC	3.5
hsa-mir-499a	HNSC	0.0
hsa-mir-501	HNSC	0.0
hsa-mir-503	HNSC	0.5
hsa-mir-505	HNSC	0.5
hsa-mir-542	HNSC	1.0
hsa-mir-550a-1	HNSC	0.0
hsa-mir-550a-2	HNSC	0.0
hsa-mir-550a-3	HNSC	0.0
hsa-mir-589	HNSC	1.0
hsa-mir-590	HNSC	1.5
hsa-mir-615	HNSC	1.0
hsa-mir-628	HNSC	0.0
hsa-mir-629	HNSC	0.5
hsa-mir-652	HNSC	0.0
hsa-mir-653	HNSC	0.0
hsa-mir-654	HNSC	0.0
hsa-mir-655	HNSC	0.0
hsa-mir-664a	HNSC	1.0
hsa-mir-671	HNSC	0.0
hsa-mir-708	HNSC	1.0
hsa-mir-7-1	HNSC	4.5
hsa-mir-7-2	HNSC	4.5
hsa-mir-7-3	HNSC	4.5
hsa-mir-744	HNSC	0.0
hsa-mir-766	HNSC	0.0
hsa-mir-767	HNSC	0.0
hsa-mir-877	HNSC	0.0
hsa-mir-889	HNSC	0.0
hsa-mir-92a-1	HNSC	4.5
hsa-mir-92a-2	HNSC	4.5
hsa-mir-92b	HNSC	1.0
hsa-mir-93	HNSC	3.0
hsa-mir-937	HNSC	0.0
hsa-mir-944	HNSC	0.0
hsa-mir-96	HNSC	3.5
hsa-mir-99a	HNSC	5.0
hsa-mir-99b	HNSC	2.0
hsa-let-7c	HNSC	5.0
hsa-let-7d	HNSC	4.0
hsa-let-7f-1	HNSC	4.0
hsa-let-7f-2	HNSC	4.0
hsa-mir-101-1	KICH	6.0
hsa-mir-101-2	KICH	6.0
hsa-mir-106a	KICH	2.0
hsa-mir-106b	KICH	5.0
hsa-mir-10a	KICH	3.0
hsa-mir-10b	KICH	5.0
hsa-mir-1-1	KICH	4.0
hsa-mir-1180	KICH	1.0
hsa-mir-1-2	KICH	4.0
hsa-mir-1247	KICH	0.0
hsa-mir-1251	KICH	0.0
hsa-mir-1269a	KICH	1.0
hsa-mir-127	KICH	1.5
hsa-mir-1270	KICH	0.0
hsa-mir-1271	KICH	1.0
hsa-mir-1287	KICH	0.0
hsa-mir-130a	KICH	2.5
hsa-mir-132	KICH	2.0
hsa-mir-133a-1	KICH	4.5
hsa-mir-133a-2	KICH	4.5
hsa-mir-133b	KICH	3.0
hsa-mir-134	KICH	1.0
hsa-mir-135b	KICH	2.5
hsa-mir-136	KICH	0.5
hsa-mir-138-1	KICH	2.0
hsa-mir-138-2	KICH	2.0
hsa-mir-139	KICH	4.0
hsa-mir-143	KICH	6.0
hsa-mir-145	KICH	6.0
hsa-mir-149	KICH	2.0
hsa-mir-152	KICH	3.0
hsa-mir-154	KICH	0.5
hsa-mir-181a-1	KICH	5.0
hsa-mir-181a-2	KICH	5.0
hsa-mir-181b-1	KICH	4.0
hsa-mir-181b-2	KICH	4.0
hsa-mir-181c	KICH	2.5
hsa-mir-181d	KICH	1.5
hsa-mir-182	KICH	4.0
hsa-mir-183	KICH	4.5
hsa-mir-184	KICH	0.5
hsa-mir-185	KICH	1.5
hsa-mir-187	KICH	0.0
hsa-mir-190a	KICH	0.0
hsa-mir-192	KICH	3.5
hsa-mir-193a	KICH	2.5
hsa-mir-194-1	KICH	3.5
hsa-mir-194-2	KICH	3.5
hsa-mir-195	KICH	4.5
hsa-mir-196a-1	KICH	1.0
hsa-mir-196a-2	KICH	1.0
hsa-mir-199a-1	KICH	5.0
hsa-mir-199a-2	KICH	5.0
hsa-mir-199b	KICH	3.0
hsa-mir-19b-1	KICH	4.0
hsa-mir-19b-2	KICH	4.0
hsa-mir-204	KICH	3.0
hsa-mir-206	KICH	2.0
hsa-mir-20b	KICH	0.5
hsa-mir-212	KICH	1.0
hsa-mir-214	KICH	4.0
hsa-mir-217	KICH	0.5
hsa-mir-22	KICH	2.5
hsa-mir-221	KICH	5.0
hsa-mir-222	KICH	4.5
hsa-mir-23b	KICH	3.0
hsa-mir-24-1	KICH	3.0
hsa-mir-24-2	KICH	3.0
hsa-mir-26b	KICH	3.5
hsa-mir-27a	KICH	4.0
hsa-mir-27b	KICH	3.5
hsa-mir-28	KICH	3.0
hsa-mir-29b-2	KICH	5.0
hsa-mir-301a	KICH	3.5
hsa-mir-3065	KICH	0.0
hsa-mir-30a	KICH	5.5
hsa-mir-30b	KICH	3.0
hsa-mir-30c-1	KICH	4.5
hsa-mir-30c-2	KICH	4.5
hsa-mir-30d	KICH	3.0
hsa-mir-30e	KICH	5.0
hsa-mir-320b-1	KICH	0.0
hsa-mir-320b-2	KICH	0.0
hsa-mir-326	KICH	1.0
hsa-mir-335	KICH	3.5
hsa-mir-337	KICH	1.5
hsa-mir-338	KICH	1.5
hsa-mir-363	KICH	1.0
hsa-mir-369	KICH	0.0
hsa-mir-370	KICH	0.5
hsa-mir-376c	KICH	0.0
hsa-mir-379	KICH	1.0
hsa-mir-381	KICH	0.0
hsa-mir-382	KICH	0.0
hsa-mir-409	KICH	0.0
hsa-mir-410	KICH	0.0
hsa-mir-411	KICH	0.0
hsa-mir-432	KICH	0.0
hsa-mir-450a-1	KICH	0.0
hsa-mir-450a-2	KICH	0.0
hsa-mir-455	KICH	2.5
hsa-mir-483	KICH	2.0
hsa-mir-487b	KICH	0.0
hsa-mir-493	KICH	0.0
hsa-mir-495	KICH	1.0
hsa-mir-497	KICH	3.5
hsa-mir-505	KICH	0.5
hsa-mir-542	KICH	1.0
hsa-mir-550a-1	KICH	0.0
hsa-mir-550a-2	KICH	0.0
hsa-mir-550a-3	KICH	0.0
hsa-mir-576	KICH	0.0
hsa-mir-582	KICH	0.0
hsa-mir-589	KICH	1.0
hsa-mir-598	KICH	0.0
hsa-mir-615	KICH	1.0
hsa-mir-616	KICH	0.0
hsa-mir-651	KICH	0.0
hsa-mir-654	KICH	0.0
hsa-mir-671	KICH	0.0
hsa-mir-675	KICH	0.0
hsa-mir-744	KICH	0.0
hsa-mir-758	KICH	0.0
hsa-mir-766	KICH	0.0
hsa-mir-874	KICH	1.0
hsa-mir-885	KICH	0.0
hsa-mir-887	KICH	0.0
hsa-mir-888	KICH	0.0
hsa-mir-889	KICH	0.0
hsa-mir-890	KICH	0.0
hsa-mir-892a	KICH	0.0
hsa-mir-892b	KICH	0.0
hsa-mir-93	KICH	3.0
hsa-mir-934	KICH	0.0
hsa-mir-942	KICH	1.0
hsa-mir-95	KICH	1.0
hsa-mir-96	KICH	3.5
hsa-mir-98	KICH	2.0
hsa-mir-99a	KICH	5.0
hsa-let-7c	KICH	5.0
hsa-let-7e	KICH	3.5
hsa-mir-101-1	KIRC	6.0
hsa-mir-101-2	KIRC	6.0
hsa-mir-103a-1	KIRC	3.0
hsa-mir-103a-2	KIRC	3.0
hsa-mir-106a	KIRC	2.0
hsa-mir-106b	KIRC	5.0
hsa-mir-10a	KIRC	3.0
hsa-mir-10b	KIRC	5.0
hsa-mir-1-1	KIRC	4.0
hsa-mir-1-2	KIRC	4.0
hsa-mir-122	KIRC	3.5
hsa-mir-1249	KIRC	0.0
hsa-mir-1251	KIRC	0.0
hsa-mir-125a	KIRC	4.0
hsa-mir-125b-1	KIRC	4.0
hsa-mir-125b-2	KIRC	4.0
hsa-mir-126	KIRC	5.0
hsa-mir-127	KIRC	1.5
hsa-mir-1270	KIRC	0.0
hsa-mir-1271	KIRC	1.0
hsa-mir-1277	KIRC	0.0
hsa-mir-128-1	KIRC	3.5
hsa-mir-128-2	KIRC	3.5
hsa-mir-1287	KIRC	0.0
hsa-mir-129-1	KIRC	2.5
hsa-mir-129-2	KIRC	2.5
hsa-mir-1296	KIRC	1.0
hsa-mir-1301	KIRC	0.0
hsa-mir-130a	KIRC	2.5
hsa-mir-130b	KIRC	3.0
hsa-mir-133a-1	KIRC	4.5
hsa-mir-133a-2	KIRC	4.5
hsa-mir-134	KIRC	1.0
hsa-mir-135a-1	KIRC	2.0
hsa-mir-135a-2	KIRC	2.0
hsa-mir-135b	KIRC	2.5
hsa-mir-136	KIRC	0.5
hsa-mir-138-1	KIRC	2.0
hsa-mir-138-2	KIRC	2.0
hsa-mir-139	KIRC	4.0
hsa-mir-140	KIRC	4.0
hsa-mir-141	KIRC	4.5
hsa-mir-142	KIRC	4.0
hsa-mir-143	KIRC	6.0
hsa-mir-144	KIRC	3.0
hsa-mir-146a	KIRC	3.5
hsa-mir-146b	KIRC	2.5
hsa-mir-148a	KIRC	3.0
hsa-mir-148b	KIRC	2.0
hsa-mir-149	KIRC	2.0
hsa-mir-150	KIRC	4.0
hsa-mir-151a	KIRC	1.5
hsa-mir-152	KIRC	3.0
hsa-mir-154	KIRC	0.5
hsa-mir-155	KIRC	5.5
hsa-mir-15a	KIRC	5.0
hsa-mir-15b	KIRC	4.0
hsa-mir-16-1	KIRC	6.0
hsa-mir-16-2	KIRC	5.0
hsa-mir-17	KIRC	5.0
hsa-mir-181a-1	KIRC	5.0
hsa-mir-181a-2	KIRC	5.0
hsa-mir-181b-1	KIRC	4.0
hsa-mir-181b-2	KIRC	4.0
hsa-mir-181c	KIRC	2.5
hsa-mir-181d	KIRC	1.5
hsa-mir-183	KIRC	4.5
hsa-mir-184	KIRC	0.5
hsa-mir-185	KIRC	1.5
hsa-mir-186	KIRC	0.5
hsa-mir-187	KIRC	0.0
hsa-mir-188	KIRC	0.5
hsa-mir-18a	KIRC	4.0
hsa-mir-193a	KIRC	2.5
hsa-mir-195	KIRC	4.5
hsa-mir-196a-1	KIRC	1.0
hsa-mir-196a-2	KIRC	1.0
hsa-mir-196b	KIRC	0.5
hsa-mir-197	KIRC	0.0
hsa-mir-199a-1	KIRC	5.0
hsa-mir-199a-2	KIRC	5.0
hsa-mir-199b	KIRC	3.0
hsa-mir-19a	KIRC	5.0
hsa-mir-19b-1	KIRC	4.0
hsa-mir-200a	KIRC	4.5
hsa-mir-200b	KIRC	4.5
hsa-mir-200c	KIRC	4.5
hsa-mir-203a	KIRC	4.5
hsa-mir-204	KIRC	3.0
hsa-mir-206	KIRC	2.0
hsa-mir-20a	KIRC	4.5
hsa-mir-20b	KIRC	0.5
hsa-mir-21	KIRC	7.0
hsa-mir-210	KIRC	3.5
hsa-mir-2114	KIRC	0.0
hsa-mir-214	KIRC	4.0
hsa-mir-215	KIRC	2.0
hsa-mir-216a	KIRC	0.5
hsa-mir-216b	KIRC	0.5
hsa-mir-217	KIRC	0.5
hsa-mir-218-1	KIRC	3.0
hsa-mir-218-2	KIRC	3.0
hsa-mir-223	KIRC	4.0
hsa-mir-224	KIRC	3.5
hsa-mir-2277	KIRC	0.0
hsa-mir-2355	KIRC	1.0
hsa-mir-23a	KIRC	3.5
hsa-mir-23b	KIRC	3.0
hsa-mir-24-1	KIRC	3.0
hsa-mir-25	KIRC	4.0
hsa-mir-26a-1	KIRC	6.0
hsa-mir-27a	KIRC	4.0
hsa-mir-27b	KIRC	3.5
hsa-mir-28	KIRC	3.0
hsa-mir-299	KIRC	0.5
hsa-mir-29a	KIRC	4.5
hsa-mir-3065	KIRC	0.0
hsa-mir-30a	KIRC	5.5
hsa-mir-30b	KIRC	3.0
hsa-mir-30c-1	KIRC	4.5
hsa-mir-30c-2	KIRC	4.5
hsa-mir-31	KIRC	5.0
hsa-mir-3127	KIRC	0.0
hsa-mir-3130-1	KIRC	0.0
hsa-mir-3130-2	KIRC	0.0
hsa-mir-3200	KIRC	0.0
hsa-mir-320c-1	KIRC	0.0
hsa-mir-320c-2	KIRC	0.0
hsa-mir-323a	KIRC	0.0
hsa-mir-323b	KIRC	0.0
hsa-mir-328	KIRC	1.5
hsa-mir-330	KIRC	1.0
hsa-mir-331	KIRC	2.0
hsa-mir-335	KIRC	3.5
hsa-mir-337	KIRC	1.5
hsa-mir-338	KIRC	1.5
hsa-mir-33a	KIRC	1.5
hsa-mir-33b	KIRC	0.0
hsa-mir-340	KIRC	0.5
hsa-mir-342	KIRC	3.5
hsa-mir-34a	KIRC	5.0
hsa-mir-3605	KIRC	0.0
hsa-mir-361	KIRC	1.5
hsa-mir-3613	KIRC	0.0
hsa-mir-362	KIRC	1.5
hsa-mir-363	KIRC	1.0
hsa-mir-365a	KIRC	1.5
hsa-mir-3677	KIRC	0.0
hsa-mir-369	KIRC	0.0
hsa-mir-3690-1	KIRC	0.0
hsa-mir-370	KIRC	0.5
hsa-mir-374a	KIRC	0.0
hsa-mir-374b	KIRC	0.0
hsa-mir-375	KIRC	4.0
hsa-mir-376a-1	KIRC	0.0
hsa-mir-376a-2	KIRC	0.0
hsa-mir-376c	KIRC	0.0
hsa-mir-379	KIRC	1.0
hsa-mir-381	KIRC	0.0
hsa-mir-3928	KIRC	0.0
hsa-mir-409	KIRC	0.0
hsa-mir-411	KIRC	0.0
hsa-mir-423	KIRC	2.5
hsa-mir-429	KIRC	1.0
hsa-mir-431	KIRC	0.0
hsa-mir-433	KIRC	0.0
hsa-mir-452	KIRC	0.0
hsa-mir-454	KIRC	0.0
hsa-mir-455	KIRC	2.5
hsa-mir-483	KIRC	2.0
hsa-mir-485	KIRC	0.0
hsa-mir-486-1	KIRC	2.0
hsa-mir-486-2	KIRC	2.0
hsa-mir-487b	KIRC	0.0
hsa-mir-493	KIRC	0.0
hsa-mir-495	KIRC	1.0
hsa-mir-497	KIRC	3.5
hsa-mir-500a	KIRC	0.0
hsa-mir-500b	KIRC	0.0
hsa-mir-501	KIRC	0.0
hsa-mir-502	KIRC	0.5
hsa-mir-503	KIRC	0.5
hsa-mir-506	KIRC	0.5
hsa-mir-508	KIRC	0.0
hsa-mir-509-1	KIRC	0.5
hsa-mir-509-2	KIRC	0.5
hsa-mir-509-3	KIRC	0.5
hsa-mir-514a-1	KIRC	0.0
hsa-mir-514a-2	KIRC	0.0
hsa-mir-514a-3	KIRC	0.0
hsa-mir-514b	KIRC	0.0
hsa-mir-532	KIRC	1.5
hsa-mir-539	KIRC	0.0
hsa-mir-550a-1	KIRC	0.0
hsa-mir-550a-2	KIRC	0.0
hsa-mir-550a-3	KIRC	0.0
hsa-mir-574	KIRC	1.0
hsa-mir-576	KIRC	0.0
hsa-mir-577	KIRC	0.0
hsa-mir-584	KIRC	1.0
hsa-mir-589	KIRC	1.0
hsa-mir-590	KIRC	1.5
hsa-mir-592	KIRC	0.0
hsa-mir-616	KIRC	0.0
hsa-mir-625	KIRC	2.0
hsa-mir-629	KIRC	0.5
hsa-mir-654	KIRC	0.0
hsa-mir-660	KIRC	0.0
hsa-mir-675	KIRC	0.0
hsa-mir-7-1	KIRC	4.5
hsa-mir-758	KIRC	0.0
hsa-mir-760	KIRC	0.0
hsa-mir-769	KIRC	1.0
hsa-mir-874	KIRC	1.0
hsa-mir-885	KIRC	0.0
hsa-mir-889	KIRC	0.0
hsa-mir-9-1	KIRC	4.5
hsa-mir-9-2	KIRC	4.5
hsa-mir-93	KIRC	3.0
hsa-mir-9-3	KIRC	4.5
hsa-mir-934	KIRC	0.0
hsa-mir-942	KIRC	1.0
hsa-mir-96	KIRC	3.5
hsa-mir-99b	KIRC	2.0
hsa-let-7b	KIRC	5.0
hsa-let-7d	KIRC	4.0
hsa-let-7e	KIRC	3.5
hsa-let-7f-1	KIRC	4.0
hsa-let-7f-2	KIRC	4.0
hsa-let-7g	KIRC	3.0
hsa-let-7i	KIRC	3.5
hsa-mir-101-1	KIRP	6.0
hsa-mir-101-2	KIRP	6.0
hsa-mir-103a-1	KIRP	3.0
hsa-mir-103a-2	KIRP	3.0
hsa-mir-106b	KIRP	5.0
hsa-mir-10b	KIRP	5.0
hsa-mir-1-1	KIRP	4.0
hsa-mir-1180	KIRP	1.0
hsa-mir-1-2	KIRP	4.0
hsa-mir-125a	KIRP	4.0
hsa-mir-125b-1	KIRP	4.0
hsa-mir-125b-2	KIRP	4.0
hsa-mir-126	KIRP	5.0
hsa-mir-1266	KIRP	0.0
hsa-mir-127	KIRP	1.5
hsa-mir-1287	KIRP	0.0
hsa-mir-129-1	KIRP	2.5
hsa-mir-129-2	KIRP	2.5
hsa-mir-1296	KIRP	1.0
hsa-mir-1301	KIRP	0.0
hsa-mir-1307	KIRP	1.0
hsa-mir-130a	KIRP	2.5
hsa-mir-130b	KIRP	3.0
hsa-mir-133a-1	KIRP	4.5
hsa-mir-133a-2	KIRP	4.5
hsa-mir-133b	KIRP	3.0
hsa-mir-134	KIRP	1.0
hsa-mir-136	KIRP	0.5
hsa-mir-139	KIRP	4.0
hsa-mir-141	KIRP	4.5
hsa-mir-143	KIRP	6.0
hsa-mir-145	KIRP	6.0
hsa-mir-146a	KIRP	3.5
hsa-mir-148b	KIRP	2.0
hsa-mir-149	KIRP	2.0
hsa-mir-151a	KIRP	1.5
hsa-mir-154	KIRP	0.5
hsa-mir-17	KIRP	5.0
hsa-mir-182	KIRP	4.0
hsa-mir-183	KIRP	4.5
hsa-mir-184	KIRP	0.5
hsa-mir-185	KIRP	1.5
hsa-mir-187	KIRP	0.0
hsa-mir-190a	KIRP	0.0
hsa-mir-191	KIRP	1.5
hsa-mir-195	KIRP	4.5
hsa-mir-199a-1	KIRP	5.0
hsa-mir-199a-2	KIRP	5.0
hsa-mir-199b	KIRP	3.0
hsa-mir-200a	KIRP	4.5
hsa-mir-200b	KIRP	4.5
hsa-mir-200c	KIRP	4.5
hsa-mir-203a	KIRP	4.5
hsa-mir-206	KIRP	2.0
hsa-mir-20a	KIRP	4.5
hsa-mir-21	KIRP	7.0
hsa-mir-210	KIRP	3.5
hsa-mir-214	KIRP	4.0
hsa-mir-216a	KIRP	0.5
hsa-mir-216b	KIRP	0.5
hsa-mir-217	KIRP	0.5
hsa-mir-219a-1	KIRP	0.0
hsa-mir-2355	KIRP	1.0
hsa-mir-23a	KIRP	3.5
hsa-mir-24-1	KIRP	3.0
hsa-mir-25	KIRP	4.0
hsa-mir-26a-1	KIRP	6.0
hsa-mir-26a-2	KIRP	6.0
hsa-mir-26b	KIRP	3.5
hsa-mir-27b	KIRP	3.5
hsa-mir-28	KIRP	3.0
hsa-mir-29c	KIRP	6.0
hsa-mir-3065	KIRP	0.0
hsa-mir-30b	KIRP	3.0
hsa-mir-30c-1	KIRP	4.5
hsa-mir-30c-2	KIRP	4.5
hsa-mir-31	KIRP	5.0
hsa-mir-3127	KIRP	0.0
hsa-mir-3130-1	KIRP	0.0
hsa-mir-3130-2	KIRP	0.0
hsa-mir-323a	KIRP	0.0
hsa-mir-331	KIRP	2.0
hsa-mir-335	KIRP	3.5
hsa-mir-337	KIRP	1.5
hsa-mir-338	KIRP	1.5
hsa-mir-33a	KIRP	1.5
hsa-mir-340	KIRP	0.5
hsa-mir-342	KIRP	3.5
hsa-mir-362	KIRP	1.5
hsa-mir-363	KIRP	1.0
hsa-mir-3677	KIRP	0.0
hsa-mir-369	KIRP	0.0
hsa-mir-376c	KIRP	0.0
hsa-mir-379	KIRP	1.0
hsa-mir-381	KIRP	0.0
hsa-mir-409	KIRP	0.0
hsa-mir-411	KIRP	0.0
hsa-mir-421	KIRP	1.5
hsa-mir-423	KIRP	2.5
hsa-mir-424	KIRP	1.5
hsa-mir-429	KIRP	1.0
hsa-mir-431	KIRP	0.0
hsa-mir-432	KIRP	0.0
hsa-mir-450a-1	KIRP	0.0
hsa-mir-450a-2	KIRP	0.0
hsa-mir-485	KIRP	0.0
hsa-mir-489	KIRP	0.0
hsa-mir-495	KIRP	1.0
hsa-mir-497	KIRP	3.5
hsa-mir-500a	KIRP	0.0
hsa-mir-500b	KIRP	0.0
hsa-mir-501	KIRP	0.0
hsa-mir-502	KIRP	0.5
hsa-mir-506	KIRP	0.5
hsa-mir-508	KIRP	0.0
hsa-mir-509-1	KIRP	0.5
hsa-mir-509-2	KIRP	0.5
hsa-mir-509-3	KIRP	0.5
hsa-mir-514a-1	KIRP	0.0
hsa-mir-514a-2	KIRP	0.0
hsa-mir-514a-3	KIRP	0.0
hsa-mir-514b	KIRP	0.0
hsa-mir-532	KIRP	1.5
hsa-mir-539	KIRP	0.0
hsa-mir-550a-1	KIRP	0.0
hsa-mir-550a-2	KIRP	0.0
hsa-mir-550a-3	KIRP	0.0
hsa-mir-576	KIRP	0.0
hsa-mir-584	KIRP	1.0
hsa-mir-589	KIRP	1.0
hsa-mir-592	KIRP	0.0
hsa-mir-616	KIRP	0.0
hsa-mir-625	KIRP	2.0
hsa-mir-651	KIRP	0.0
hsa-mir-654	KIRP	0.0
hsa-mir-660	KIRP	0.0
hsa-mir-671	KIRP	0.0
hsa-mir-675	KIRP	0.0
hsa-mir-744	KIRP	0.0
hsa-mir-758	KIRP	0.0
hsa-mir-769	KIRP	1.0
hsa-mir-874	KIRP	1.0
hsa-mir-889	KIRP	0.0
hsa-mir-93	KIRP	3.0
hsa-mir-942	KIRP	1.0
hsa-mir-96	KIRP	3.5
hsa-let-7a-1	KIRP	4.5
hsa-let-7a-2	KIRP	4.5
hsa-let-7a-3	KIRP	4.5
hsa-let-7b	KIRP	5.0
hsa-let-7e	KIRP	3.5
hsa-let-7i	KIRP	3.5
hsa-mir-101-1	LIHC	6.0
hsa-mir-101-2	LIHC	6.0
hsa-mir-105-1	LIHC	0.0
hsa-mir-105-2	LIHC	0.0
hsa-mir-106b	LIHC	5.0
hsa-mir-10a	LIHC	3.0
hsa-mir-10b	LIHC	5.0
hsa-mir-1180	LIHC	1.0
hsa-mir-122	LIHC	3.5
hsa-mir-125a	LIHC	4.0
hsa-mir-125b-1	LIHC	4.0
hsa-mir-125b-2	LIHC	4.0
hsa-mir-126	LIHC	5.0
hsa-mir-1266	LIHC	0.0
hsa-mir-1269a	LIHC	1.0
hsa-mir-127	LIHC	1.5
hsa-mir-1270	LIHC	0.0
hsa-mir-1271	LIHC	1.0
hsa-mir-1301	LIHC	0.0
hsa-mir-1307	LIHC	1.0
hsa-mir-130a	LIHC	2.5
hsa-mir-134	LIHC	1.0
hsa-mir-135a-1	LIHC	2.0
hsa-mir-135a-2	LIHC	2.0
hsa-mir-136	LIHC	0.5
hsa-mir-139	LIHC	4.0
hsa-mir-141	LIHC	4.5
hsa-mir-142	LIHC	4.0
hsa-mir-144	LIHC	3.0
hsa-mir-145	LIHC	6.0
hsa-mir-150	LIHC	4.0
hsa-mir-151a	LIHC	1.5
hsa-mir-154	LIHC	0.5
hsa-mir-182	LIHC	4.0
hsa-mir-183	LIHC	4.5
hsa-mir-187	LIHC	0.0
hsa-mir-188	LIHC	0.5
hsa-mir-194-1	LIHC	3.5
hsa-mir-194-2	LIHC	3.5
hsa-mir-195	LIHC	4.5
hsa-mir-199a-1	LIHC	5.0
hsa-mir-199a-2	LIHC	5.0
hsa-mir-199b	LIHC	3.0
hsa-mir-19b-1	LIHC	4.0
hsa-mir-200a	LIHC	4.5
hsa-mir-200b	LIHC	4.5
hsa-mir-203a	LIHC	4.5
hsa-mir-20a	LIHC	4.5
hsa-mir-21	LIHC	7.0
hsa-mir-214	LIHC	4.0
hsa-mir-22	LIHC	2.5
hsa-mir-221	LIHC	5.0
hsa-mir-222	LIHC	4.5
hsa-mir-223	LIHC	4.0
hsa-mir-224	LIHC	3.5
hsa-mir-23a	LIHC	3.5
hsa-mir-23b	LIHC	3.0
hsa-mir-24-1	LIHC	3.0
hsa-mir-25	LIHC	4.0
hsa-mir-26a-1	LIHC	6.0
hsa-mir-26a-2	LIHC	6.0
hsa-mir-26b	LIHC	3.5
hsa-mir-27b	LIHC	3.5
hsa-mir-299	LIHC	0.5
hsa-mir-29b-1	LIHC	5.0
hsa-mir-29c	LIHC	6.0
hsa-mir-30a	LIHC	5.5
hsa-mir-30b	LIHC	3.0
hsa-mir-30c-1	LIHC	4.5
hsa-mir-30c-2	LIHC	4.5
hsa-mir-30e	LIHC	5.0
hsa-mir-3127	LIHC	0.0
hsa-mir-3200	LIHC	0.0
hsa-mir-323a	LIHC	0.0
hsa-mir-326	LIHC	1.0
hsa-mir-330	LIHC	1.0
hsa-mir-335	LIHC	3.5
hsa-mir-337	LIHC	1.5
hsa-mir-33b	LIHC	0.0
hsa-mir-340	LIHC	0.5
hsa-mir-342	LIHC	3.5
hsa-mir-34a	LIHC	5.0
hsa-mir-3614	LIHC	0.0
hsa-mir-3677	LIHC	0.0
hsa-mir-369	LIHC	0.0
hsa-mir-370	LIHC	0.5
hsa-mir-376a-1	LIHC	0.0
hsa-mir-376a-2	LIHC	0.0
hsa-mir-376c	LIHC	0.0
hsa-mir-378a	LIHC	3.0
hsa-mir-379	LIHC	1.0
hsa-mir-381	LIHC	0.0
hsa-mir-382	LIHC	0.0
hsa-mir-383	LIHC	1.0
hsa-mir-411	LIHC	0.0
hsa-mir-421	LIHC	1.5
hsa-mir-423	LIHC	2.5
hsa-mir-424	LIHC	1.5
hsa-mir-429	LIHC	1.0
hsa-mir-450a-1	LIHC	0.0
hsa-mir-450a-2	LIHC	0.0
hsa-mir-450b	LIHC	0.0
hsa-mir-451a	LIHC	4.5
hsa-mir-452	LIHC	0.0
hsa-mir-455	LIHC	2.5
hsa-mir-483	LIHC	2.0
hsa-mir-486-1	LIHC	2.0
hsa-mir-486-2	LIHC	2.0
hsa-mir-487b	LIHC	0.0
hsa-mir-490	LIHC	0.0
hsa-mir-494	LIHC	2.0
hsa-mir-495	LIHC	1.0
hsa-mir-497	LIHC	3.5
hsa-mir-500a	LIHC	0.0
hsa-mir-501	LIHC	0.0
hsa-mir-502	LIHC	0.5
hsa-mir-503	LIHC	0.5
hsa-mir-505	LIHC	0.5
hsa-mir-508	LIHC	0.0
hsa-mir-511	LIHC	0.0
hsa-mir-514a-1	LIHC	0.0
hsa-mir-514a-2	LIHC	0.0
hsa-mir-514a-3	LIHC	0.0
hsa-mir-532	LIHC	1.5
hsa-mir-542	LIHC	1.0
hsa-mir-574	LIHC	1.0
hsa-mir-576	LIHC	0.0
hsa-mir-582	LIHC	0.0
hsa-mir-589	LIHC	1.0
hsa-mir-592	LIHC	0.0
hsa-mir-624	LIHC	0.0
hsa-mir-627	LIHC	0.0
hsa-mir-628	LIHC	0.0
hsa-mir-654	LIHC	0.0
hsa-mir-675	LIHC	0.0
hsa-mir-744	LIHC	0.0
hsa-mir-758	LIHC	0.0
hsa-mir-767	LIHC	0.0
hsa-mir-874	LIHC	1.0
hsa-mir-877	LIHC	0.0
hsa-mir-889	LIHC	0.0
hsa-mir-93	LIHC	3.0
hsa-mir-96	LIHC	3.5
hsa-mir-99a	LIHC	5.0
hsa-let-7a-1	LIHC	4.5
hsa-let-7a-2	LIHC	4.5
hsa-let-7a-3	LIHC	4.5
hsa-let-7b	LIHC	5.0
hsa-let-7c	LIHC	5.0
hsa-let-7e	LIHC	3.5
hsa-let-7g	LIHC	3.0
hsa-mir-1-1	LUAD	4.0
hsa-mir-1-2	LUAD	4.0
hsa-mir-125a	LUAD	4.0
hsa-mir-125b-2	LUAD	4.0
hsa-mir-1269a	LUAD	1.0
hsa-mir-127	LUAD	1.5
hsa-mir-128-1	LUAD	3.5
hsa-mir-128-2	LUAD	3.5
hsa-mir-1287	LUAD	0.0
hsa-mir-130b	LUAD	3.0
hsa-mir-132	LUAD	2.0
hsa-mir-133a-1	LUAD	4.5
hsa-mir-133a-2	LUAD	4.5
hsa-mir-133b	LUAD	3.0
hsa-mir-134	LUAD	1.0
hsa-mir-135b	LUAD	2.5
hsa-mir-136	LUAD	0.5
hsa-mir-138-1	LUAD	2.0
hsa-mir-138-2	LUAD	2.0
hsa-mir-139	LUAD	4.0
hsa-mir-140	LUAD	4.0
hsa-mir-141	LUAD	4.5
hsa-mir-142	LUAD	4.0
hsa-mir-143	LUAD	6.0
hsa-mir-144	LUAD	3.0
hsa-mir-145	LUAD	6.0
hsa-mir-147b	LUAD	0.0
hsa-mir-148a	LUAD	3.0
hsa-mir-148b	LUAD	2.0
hsa-mir-151a	LUAD	1.5
hsa-mir-154	LUAD	0.5
hsa-mir-17	LUAD	5.0
hsa-mir-181a-1	LUAD	5.0
hsa-mir-181a-2	LUAD	5.0
hsa-mir-181c	LUAD	2.5
hsa-mir-182	LUAD	4.0
hsa-mir-183	LUAD	4.5
hsa-mir-184	LUAD	0.5
hsa-mir-186	LUAD	0.5
hsa-mir-188	LUAD	0.5
hsa-mir-193b	LUAD	3.0
hsa-mir-195	LUAD	4.5
hsa-mir-196a-1	LUAD	1.0
hsa-mir-196a-2	LUAD	1.0
hsa-mir-199a-1	LUAD	5.0
hsa-mir-199a-2	LUAD	5.0
hsa-mir-199b	LUAD	3.0
hsa-mir-19a	LUAD	5.0
hsa-mir-19b-1	LUAD	4.0
hsa-mir-200a	LUAD	4.5
hsa-mir-200b	LUAD	4.5
hsa-mir-200c	LUAD	4.5
hsa-mir-204	LUAD	3.0
hsa-mir-20a	LUAD	4.5
hsa-mir-21	LUAD	7.0
hsa-mir-210	LUAD	3.5
hsa-mir-212	LUAD	1.0
hsa-mir-218-1	LUAD	3.0
hsa-mir-22	LUAD	2.5
hsa-mir-2355	LUAD	1.0
hsa-mir-26b	LUAD	3.5
hsa-mir-27b	LUAD	3.5
hsa-mir-28	LUAD	3.0
hsa-mir-29a	LUAD	4.5
hsa-mir-29b-1	LUAD	5.0
hsa-mir-29b-2	LUAD	5.0
hsa-mir-301a	LUAD	3.5
hsa-mir-30a	LUAD	5.5
hsa-mir-30b	LUAD	3.0
hsa-mir-30c-1	LUAD	4.5
hsa-mir-30c-2	LUAD	4.5
hsa-mir-30d	LUAD	3.0
hsa-mir-31	LUAD	5.0
hsa-mir-338	LUAD	1.5
hsa-mir-339	LUAD	1.5
hsa-mir-33a	LUAD	1.5
hsa-mir-33b	LUAD	0.0
hsa-mir-345	LUAD	2.0
hsa-mir-34a	LUAD	5.0
hsa-mir-3677	LUAD	0.0
hsa-mir-369	LUAD	0.0
hsa-mir-378a	LUAD	3.0
hsa-mir-382	LUAD	0.0
hsa-mir-409	LUAD	0.0
hsa-mir-424	LUAD	1.5
hsa-mir-425	LUAD	1.5
hsa-mir-429	LUAD	1.0
hsa-mir-450a-1	LUAD	0.0
hsa-mir-450a-2	LUAD	0.0
hsa-mir-451a	LUAD	4.5
hsa-mir-454	LUAD	0.0
hsa-mir-455	LUAD	2.5
hsa-mir-486-1	LUAD	2.0
hsa-mir-486-2	LUAD	2.0
hsa-mir-493	LUAD	0.0
hsa-mir-496	LUAD	0.0
hsa-mir-503	LUAD	0.5
hsa-mir-516a-1	LUAD	0.0
hsa-mir-516a-2	LUAD	0.0
hsa-mir-550a-1	LUAD	0.0
hsa-mir-550a-2	LUAD	0.0
hsa-mir-550a-3	LUAD	0.0
hsa-mir-577	LUAD	0.0
hsa-mir-584	LUAD	1.0
hsa-mir-590	LUAD	1.5
hsa-mir-592	LUAD	0.0
hsa-mir-598	LUAD	0.0
hsa-mir-625	LUAD	2.0
hsa-mir-629	LUAD	0.5
hsa-mir-671	LUAD	0.0
hsa-mir-708	LUAD	1.0
hsa-mir-7-1	LUAD	4.5
hsa-mir-7-2	LUAD	4.5
hsa-mir-7-3	LUAD	4.5
hsa-mir-744	LUAD	0.0
hsa-mir-758	LUAD	0.0
hsa-mir-889	LUAD	0.0
hsa-mir-9-1	LUAD	4.5
hsa-mir-9-2	LUAD	4.5
hsa-mir-93	LUAD	3.0
hsa-mir-9-3	LUAD	4.5
hsa-mir-96	LUAD	3.5
hsa-mir-99a	LUAD	5.0
hsa-let-7a-1	LUAD	4.5
hsa-let-7a-2	LUAD	4.5
hsa-let-7a-3	LUAD	4.5
hsa-let-7b	LUAD	5.0
hsa-let-7c	LUAD	5.0
hsa-let-7e	LUAD	3.5
hsa-let-7g	LUAD	3.0
hsa-let-7i	LUAD	3.5
hsa-mir-100	LUSC	5.0
hsa-mir-101-1	LUSC	6.0
hsa-mir-101-2	LUSC	6.0
hsa-mir-103a-2	LUSC	3.0
hsa-mir-105-1	LUSC	0.0
hsa-mir-105-2	LUSC	0.0
hsa-mir-106b	LUSC	5.0
hsa-mir-10a	LUSC	3.0
hsa-mir-1-1	LUSC	4.0
hsa-mir-1180	LUSC	1.0
hsa-mir-1-2	LUSC	4.0
hsa-mir-1249	LUSC	0.0
hsa-mir-126	LUSC	5.0
hsa-mir-1269a	LUSC	1.0
hsa-mir-127	LUSC	1.5
hsa-mir-1271	LUSC	1.0
hsa-mir-128-1	LUSC	3.5
hsa-mir-128-2	LUSC	3.5
hsa-mir-129-1	LUSC	2.5
hsa-mir-129-2	LUSC	2.5
hsa-mir-1296	LUSC	1.0
hsa-mir-1301	LUSC	0.0
hsa-mir-1306	LUSC	0.0
hsa-mir-1307	LUSC	1.0
hsa-mir-130b	LUSC	3.0
hsa-mir-133a-1	LUSC	4.5
hsa-mir-133a-2	LUSC	4.5
hsa-mir-133b	LUSC	3.0
hsa-mir-135a-1	LUSC	2.0
hsa-mir-135a-2	LUSC	2.0
hsa-mir-135b	LUSC	2.5
hsa-mir-136	LUSC	0.5
hsa-mir-138-1	LUSC	2.0
hsa-mir-138-2	LUSC	2.0
hsa-mir-139	LUSC	4.0
hsa-mir-140	LUSC	4.0
hsa-mir-141	LUSC	4.5
hsa-mir-143	LUSC	6.0
hsa-mir-144	LUSC	3.0
hsa-mir-145	LUSC	6.0
hsa-mir-146b	LUSC	2.5
hsa-mir-148b	LUSC	2.0
hsa-mir-149	LUSC	2.0
hsa-mir-151a	LUSC	1.5
hsa-mir-15a	LUSC	5.0
hsa-mir-15b	LUSC	4.0
hsa-mir-17	LUSC	5.0
hsa-mir-181a-1	LUSC	5.0
hsa-mir-181a-2	LUSC	5.0
hsa-mir-181c	LUSC	2.5
hsa-mir-182	LUSC	4.0
hsa-mir-183	LUSC	4.5
hsa-mir-185	LUSC	1.5
hsa-mir-188	LUSC	0.5
hsa-mir-18a	LUSC	4.0
hsa-mir-190a	LUSC	0.0
hsa-mir-191	LUSC	1.5
hsa-mir-1910	LUSC	0.0
hsa-mir-192	LUSC	3.5
hsa-mir-193b	LUSC	3.0
hsa-mir-195	LUSC	4.5
hsa-mir-196a-1	LUSC	1.0
hsa-mir-196a-2	LUSC	1.0
hsa-mir-196b	LUSC	0.5
hsa-mir-197	LUSC	0.0
hsa-mir-19a	LUSC	5.0
hsa-mir-19b-1	LUSC	4.0
hsa-mir-200a	LUSC	4.5
hsa-mir-200b	LUSC	4.5
hsa-mir-200c	LUSC	4.5
hsa-mir-203a	LUSC	4.5
hsa-mir-205	LUSC	5.0
hsa-mir-206	LUSC	2.0
hsa-mir-20a	LUSC	4.5
hsa-mir-20b	LUSC	0.5
hsa-mir-21	LUSC	7.0
hsa-mir-210	LUSC	3.5
hsa-mir-212	LUSC	1.0
hsa-mir-218-1	LUSC	3.0
hsa-mir-218-2	LUSC	3.0
hsa-mir-219a-1	LUSC	0.0
hsa-mir-219a-2	LUSC	0.0
hsa-mir-221	LUSC	5.0
hsa-mir-223	LUSC	4.0
hsa-mir-224	LUSC	3.5
hsa-mir-2277	LUSC	0.0
hsa-mir-26a-1	LUSC	6.0
hsa-mir-26a-2	LUSC	6.0
hsa-mir-27b	LUSC	3.5
hsa-mir-28	LUSC	3.0
hsa-mir-296	LUSC	0.5
hsa-mir-29a	LUSC	4.5
hsa-mir-29b-2	LUSC	5.0
hsa-mir-29c	LUSC	6.0
hsa-mir-301a	LUSC	3.5
hsa-mir-301b	LUSC	0.0
hsa-mir-3065	LUSC	0.0
hsa-mir-30a	LUSC	5.5
hsa-mir-30b	LUSC	3.0
hsa-mir-30c-1	LUSC	4.5
hsa-mir-30c-2	LUSC	4.5
hsa-mir-30d	LUSC	3.0
hsa-mir-30e	LUSC	5.0
hsa-mir-31	LUSC	5.0
hsa-mir-3127	LUSC	0.0
hsa-mir-3200	LUSC	0.0
hsa-mir-320b-1	LUSC	0.0
hsa-mir-320b-2	LUSC	0.0
hsa-mir-323a	LUSC	0.0
hsa-mir-323b	LUSC	0.0
hsa-mir-324	LUSC	3.0
hsa-mir-326	LUSC	1.0
hsa-mir-331	LUSC	2.0
hsa-mir-338	LUSC	1.5
hsa-mir-33a	LUSC	1.5
hsa-mir-33b	LUSC	0.0
hsa-mir-345	LUSC	2.0
hsa-mir-3605	LUSC	0.0
hsa-mir-361	LUSC	1.5
hsa-mir-362	LUSC	1.5
hsa-mir-365a	LUSC	1.5
hsa-mir-3677	LUSC	0.0
hsa-mir-374a	LUSC	0.0
hsa-mir-374b	LUSC	0.0
hsa-mir-375	LUSC	4.0
hsa-mir-3928	LUSC	0.0
hsa-mir-409	LUSC	0.0
hsa-mir-421	LUSC	1.5
hsa-mir-423	LUSC	2.5
hsa-mir-424	LUSC	1.5
hsa-mir-429	LUSC	1.0
hsa-mir-450a-1	LUSC	0.0
hsa-mir-450a-2	LUSC	0.0
hsa-mir-450b	LUSC	0.0
hsa-mir-451a	LUSC	4.5
hsa-mir-452	LUSC	0.0
hsa-mir-455	LUSC	2.5
hsa-mir-486-1	LUSC	2.0
hsa-mir-486-2	LUSC	2.0
hsa-mir-490	LUSC	0.0
hsa-mir-497	LUSC	3.5
hsa-mir-503	LUSC	0.5
hsa-mir-505	LUSC	0.5
hsa-mir-511	LUSC	0.0
hsa-mir-539	LUSC	0.0
hsa-mir-548b	LUSC	0.0
hsa-mir-577	LUSC	0.0
hsa-mir-589	LUSC	1.0
hsa-mir-590	LUSC	1.5
hsa-mir-598	LUSC	0.0
hsa-mir-615	LUSC	1.0
hsa-mir-616	LUSC	0.0
hsa-mir-625	LUSC	2.0
hsa-mir-629	LUSC	0.5
hsa-mir-642a	LUSC	0.0
hsa-mir-651	LUSC	0.0
hsa-mir-660	LUSC	0.0
hsa-mir-671	LUSC	0.0
hsa-mir-708	LUSC	1.0
hsa-mir-7-1	LUSC	4.5
hsa-mir-7-2	LUSC	4.5
hsa-mir-7-3	LUSC	4.5
hsa-mir-744	LUSC	0.0
hsa-mir-760	LUSC	0.0
hsa-mir-766	LUSC	0.0
hsa-mir-767	LUSC	0.0
hsa-mir-769	LUSC	1.0
hsa-mir-877	LUSC	0.0
hsa-mir-9-1	LUSC	4.5
hsa-mir-9-2	LUSC	4.5
hsa-mir-92a-1	LUSC	4.5
hsa-mir-92a-2	LUSC	4.5
hsa-mir-92b	LUSC	1.0
hsa-mir-93	LUSC	3.0
hsa-mir-9-3	LUSC	4.5
hsa-mir-937	LUSC	0.0
hsa-mir-942	LUSC	1.0
hsa-mir-944	LUSC	0.0
hsa-mir-96	LUSC	3.5
hsa-mir-99a	LUSC	5.0
hsa-let-7a-1	LUSC	4.5
hsa-let-7a-2	LUSC	4.5
hsa-let-7a-3	LUSC	4.5
hsa-let-7c	LUSC	5.0
hsa-let-7g	LUSC	3.0
hsa-let-7i	LUSC	3.5
hsa-mir-103a-1	PRAD	3.0
hsa-mir-103a-2	PRAD	3.0
hsa-mir-106a	PRAD	2.0
hsa-mir-106b	PRAD	5.0
hsa-mir-1-1	PRAD	4.0
hsa-mir-1-2	PRAD	4.0
hsa-mir-126	PRAD	5.0
hsa-mir-1266	PRAD	0.0
hsa-mir-128-1	PRAD	3.5
hsa-mir-128-2	PRAD	3.5
hsa-mir-1296	PRAD	1.0
hsa-mir-1307	PRAD	1.0
hsa-mir-130b	PRAD	3.0
hsa-mir-132	PRAD	2.0
hsa-mir-133b	PRAD	3.0
hsa-mir-140	PRAD	4.0
hsa-mir-141	PRAD	4.5
hsa-mir-142	PRAD	4.0
hsa-mir-143	PRAD	6.0
hsa-mir-145	PRAD	6.0
hsa-mir-146b	PRAD	2.5
hsa-mir-148a	PRAD	3.0
hsa-mir-148b	PRAD	2.0
hsa-mir-150	PRAD	4.0
hsa-mir-151a	PRAD	1.5
hsa-mir-153-1	PRAD	0.5
hsa-mir-153-2	PRAD	0.5
hsa-mir-15a	PRAD	5.0
hsa-mir-15b	PRAD	4.0
hsa-mir-16-1	PRAD	6.0
hsa-mir-16-2	PRAD	5.0
hsa-mir-17	PRAD	5.0
hsa-mir-181a-1	PRAD	5.0
hsa-mir-181a-2	PRAD	5.0
hsa-mir-182	PRAD	4.0
hsa-mir-183	PRAD	4.5
hsa-mir-184	PRAD	0.5
hsa-mir-185	PRAD	1.5
hsa-mir-186	PRAD	0.5
hsa-mir-187	PRAD	0.0
hsa-mir-18a	PRAD	4.0
hsa-mir-191	PRAD	1.5
hsa-mir-192	PRAD	3.5
hsa-mir-194-1	PRAD	3.5
hsa-mir-194-2	PRAD	3.5
hsa-mir-195	PRAD	4.5
hsa-mir-196b	PRAD	0.5
hsa-mir-197	PRAD	0.0
hsa-mir-199b	PRAD	3.0
hsa-mir-19a	PRAD	5.0
hsa-mir-19b-1	PRAD	4.0
hsa-mir-19b-2	PRAD	4.0
hsa-mir-200c	PRAD	4.5
hsa-mir-203a	PRAD	4.5
hsa-mir-204	PRAD	3.0
hsa-mir-20a	PRAD	4.5
hsa-mir-20b	PRAD	0.5
hsa-mir-21	PRAD	7.0
hsa-mir-210	PRAD	3.5
hsa-mir-221	PRAD	5.0
hsa-mir-222	PRAD	4.5
hsa-mir-25	PRAD	4.0
hsa-mir-26b	PRAD	3.5
hsa-mir-27b	PRAD	3.5
hsa-mir-29b-2	PRAD	5.0
hsa-mir-29c	PRAD	6.0
hsa-mir-3065	PRAD	0.0
hsa-mir-30b	PRAD	3.0
hsa-mir-30c-1	PRAD	4.5
hsa-mir-30c-2	PRAD	4.5
hsa-mir-30d	PRAD	3.0
hsa-mir-30e	PRAD	5.0
hsa-mir-32	PRAD	3.5
hsa-mir-320a	PRAD	2.0
hsa-mir-320b-1	PRAD	0.0
hsa-mir-320b-2	PRAD	0.0
hsa-mir-324	PRAD	3.0
hsa-mir-335	PRAD	3.5
hsa-mir-338	PRAD	1.5
hsa-mir-339	PRAD	1.5
hsa-mir-340	PRAD	0.5
hsa-mir-342	PRAD	3.5
hsa-mir-345	PRAD	2.0
hsa-mir-361	PRAD	1.5
hsa-mir-3613	PRAD	0.0
hsa-mir-362	PRAD	1.5
hsa-mir-363	PRAD	1.0
hsa-mir-375	PRAD	4.0
hsa-mir-379	PRAD	1.0
hsa-mir-381	PRAD	0.0
hsa-mir-409	PRAD	0.0
hsa-mir-423	PRAD	2.5
hsa-mir-425	PRAD	1.5
hsa-mir-454	PRAD	0.0
hsa-mir-491	PRAD	0.0
hsa-mir-497	PRAD	3.5
hsa-mir-500a	PRAD	0.0
hsa-mir-501	PRAD	0.0
hsa-mir-532	PRAD	1.5
hsa-mir-574	PRAD	1.0
hsa-mir-576	PRAD	0.0
hsa-mir-582	PRAD	0.0
hsa-mir-584	PRAD	1.0
hsa-mir-589	PRAD	1.0
hsa-mir-590	PRAD	1.5
hsa-mir-598	PRAD	0.0
hsa-mir-629	PRAD	0.5
hsa-mir-651	PRAD	0.0
hsa-mir-660	PRAD	0.0
hsa-mir-664a	PRAD	1.0
hsa-mir-671	PRAD	0.0
hsa-mir-708	PRAD	1.0
hsa-mir-7-1	PRAD	4.5
hsa-mir-7-2	PRAD	4.5
hsa-mir-7-3	PRAD	4.5
hsa-mir-744	PRAD	0.0
hsa-mir-766	PRAD	0.0
hsa-mir-769	PRAD	1.0
hsa-mir-92a-1	PRAD	4.5
hsa-mir-92a-2	PRAD	4.5
hsa-mir-92b	PRAD	1.0
hsa-mir-93	PRAD	3.0
hsa-mir-95	PRAD	1.0
hsa-mir-96	PRAD	3.5
hsa-let-7a-1	PRAD	4.5
hsa-let-7a-2	PRAD	4.5
hsa-let-7a-3	PRAD	4.5
hsa-let-7b	PRAD	5.0
hsa-let-7d	PRAD	4.0
hsa-let-7g	PRAD	3.0
hsa-let-7i	PRAD	3.5
hsa-mir-103a-1	STAD	3.0
hsa-mir-103a-2	STAD	3.0
hsa-mir-106b	STAD	5.0
hsa-mir-107	STAD	3.0
hsa-mir-1-1	STAD	4.0
hsa-mir-1180	STAD	1.0
hsa-mir-1-2	STAD	4.0
hsa-mir-125a	STAD	4.0
hsa-mir-1266	STAD	0.0
hsa-mir-1269a	STAD	1.0
hsa-mir-127	STAD	1.5
hsa-mir-128-1	STAD	3.5
hsa-mir-128-2	STAD	3.5
hsa-mir-129-1	STAD	2.5
hsa-mir-129-2	STAD	2.5
hsa-mir-1301	STAD	0.0
hsa-mir-1307	STAD	1.0
hsa-mir-130b	STAD	3.0
hsa-mir-132	STAD	2.0
hsa-mir-133a-1	STAD	4.5
hsa-mir-133a-2	STAD	4.5
hsa-mir-133b	STAD	3.0
hsa-mir-134	STAD	1.0
hsa-mir-135b	STAD	2.5
hsa-mir-139	STAD	4.0
hsa-mir-141	STAD	4.5
hsa-mir-142	STAD	4.0
hsa-mir-143	STAD	6.0
hsa-mir-145	STAD	6.0
hsa-mir-146b	STAD	2.5
hsa-mir-148b	STAD	2.0
hsa-mir-151a	STAD	1.5
hsa-mir-155	STAD	5.5
hsa-mir-15a	STAD	5.0
hsa-mir-15b	STAD	4.0
hsa-mir-16-1	STAD	6.0
hsa-mir-16-2	STAD	5.0
hsa-mir-17	STAD	5.0
hsa-mir-181a-1	STAD	5.0
hsa-mir-181a-2	STAD	5.0
hsa-mir-181b-1	STAD	4.0
hsa-mir-181b-2	STAD	4.0
hsa-mir-182	STAD	4.0
hsa-mir-183	STAD	4.5
hsa-mir-185	STAD	1.5
hsa-mir-188	STAD	0.5
hsa-mir-18a	STAD	4.0
hsa-mir-191	STAD	1.5
hsa-mir-192	STAD	3.5
hsa-mir-194-1	STAD	3.5
hsa-mir-194-2	STAD	3.5
hsa-mir-195	STAD	4.5
hsa-mir-196a-1	STAD	1.0
hsa-mir-196a-2	STAD	1.0
hsa-mir-196b	STAD	0.5
hsa-mir-197	STAD	0.0
hsa-mir-199a-1	STAD	5.0
hsa-mir-199a-2	STAD	5.0
hsa-mir-199b	STAD	3.0
hsa-mir-19a	STAD	5.0
hsa-mir-19b-1	STAD	4.0
hsa-mir-19b-2	STAD	4.0
hsa-mir-200a	STAD	4.5
hsa-mir-200b	STAD	4.5
hsa-mir-200c	STAD	4.5
hsa-mir-204	STAD	3.0
hsa-mir-20a	STAD	4.5
hsa-mir-21	STAD	7.0
hsa-mir-212	STAD	1.0
hsa-mir-214	STAD	4.0
hsa-mir-217	STAD	0.5
hsa-mir-22	STAD	2.5
hsa-mir-221	STAD	5.0
hsa-mir-222	STAD	4.5
hsa-mir-223	STAD	4.0
hsa-mir-2355	STAD	1.0
hsa-mir-23a	STAD	3.5
hsa-mir-24-1	STAD	3.0
hsa-mir-24-2	STAD	3.0
hsa-mir-25	STAD	4.0
hsa-mir-27a	STAD	4.0
hsa-mir-28	STAD	3.0
hsa-mir-29a	STAD	4.5
hsa-mir-29b-1	STAD	5.0
hsa-mir-301a	STAD	3.5
hsa-mir-30a	STAD	5.5
hsa-mir-30c-1	STAD	4.5
hsa-mir-30c-2	STAD	4.5
hsa-mir-3127	STAD	0.0
hsa-mir-32	STAD	3.5
hsa-mir-320a	STAD	2.0
hsa-mir-320b-1	STAD	0.0
hsa-mir-320b-2	STAD	0.0
hsa-mir-324	STAD	3.0
hsa-mir-330	STAD	1.0
hsa-mir-331	STAD	2.0
hsa-mir-335	STAD	3.5
hsa-mir-339	STAD	1.5
hsa-mir-342	STAD	3.5
hsa-mir-345	STAD	2.0
hsa-mir-34a	STAD	5.0
hsa-mir-34c	STAD	2.5
hsa-mir-3613	STAD	0.0
hsa-mir-3614	STAD	0.0
hsa-mir-362	STAD	1.5
hsa-mir-365a	STAD	1.5
hsa-mir-3677	STAD	0.0
hsa-mir-369	STAD	0.0
hsa-mir-376b	STAD	0.0
hsa-mir-382	STAD	0.0
hsa-mir-409	STAD	0.0
hsa-mir-421	STAD	1.5
hsa-mir-423	STAD	2.5
hsa-mir-424	STAD	1.5
hsa-mir-425	STAD	1.5
hsa-mir-429	STAD	1.0
hsa-mir-431	STAD	0.0
hsa-mir-450a-1	STAD	0.0
hsa-mir-450a-2	STAD	0.0
hsa-mir-450b	STAD	0.0
hsa-mir-454	STAD	0.0
hsa-mir-485	STAD	0.0
hsa-mir-490	STAD	0.0
hsa-mir-493	STAD	0.0
hsa-mir-500a	STAD	0.0
hsa-mir-500b	STAD	0.0
hsa-mir-501	STAD	0.0
hsa-mir-502	STAD	0.5
hsa-mir-503	STAD	0.5
hsa-mir-505	STAD	0.5
hsa-mir-532	STAD	1.5
hsa-mir-542	STAD	1.0
hsa-mir-550a-1	STAD	0.0
hsa-mir-550a-2	STAD	0.0
hsa-mir-550a-3	STAD	0.0
hsa-mir-552	STAD	0.0
hsa-mir-576	STAD	0.0
hsa-mir-584	STAD	1.0
hsa-mir-589	STAD	1.0
hsa-mir-590	STAD	1.5
hsa-mir-592	STAD	0.0
hsa-mir-615	STAD	1.0
hsa-mir-629	STAD	0.5
hsa-mir-651	STAD	0.0
hsa-mir-652	STAD	0.0
hsa-mir-660	STAD	0.0
hsa-mir-671	STAD	0.0
hsa-mir-708	STAD	1.0
hsa-mir-7-1	STAD	4.5
hsa-mir-7-2	STAD	4.5
hsa-mir-7-3	STAD	4.5
hsa-mir-769	STAD	1.0
hsa-mir-877	STAD	0.0
hsa-mir-92a-1	STAD	4.5
hsa-mir-92a-2	STAD	4.5
hsa-mir-92b	STAD	1.0
hsa-mir-93	STAD	3.0
hsa-mir-935	STAD	0.0
hsa-mir-937	STAD	0.0
hsa-mir-942	STAD	1.0
hsa-mir-95	STAD	1.0
hsa-mir-96	STAD	3.5
hsa-mir-98	STAD	2.0
hsa-let-7a-1	STAD	4.5
hsa-let-7a-2	STAD	4.5
hsa-let-7a-3	STAD	4.5
hsa-let-7d	STAD	4.0
hsa-let-7f-1	STAD	4.0
hsa-let-7f-2	STAD	4.0
hsa-let-7i	STAD	3.5
hsa-mir-100	THCA	5.0
hsa-mir-101-1	THCA	6.0
hsa-mir-101-2	THCA	6.0
hsa-mir-106a	THCA	2.0
hsa-mir-106b	THCA	5.0
hsa-mir-10a	THCA	3.0
hsa-mir-10b	THCA	5.0
hsa-mir-1180	THCA	1.0
hsa-mir-1247	THCA	0.0
hsa-mir-1249	THCA	0.0
hsa-mir-126	THCA	5.0
hsa-mir-127	THCA	1.5
hsa-mir-1270	THCA	0.0
hsa-mir-1271	THCA	1.0
hsa-mir-128-1	THCA	3.5
hsa-mir-128-2	THCA	3.5
hsa-mir-1287	THCA	0.0
hsa-mir-130a	THCA	2.5
hsa-mir-130b	THCA	3.0
hsa-mir-133a-1	THCA	4.5
hsa-mir-133a-2	THCA	4.5
hsa-mir-133b	THCA	3.0
hsa-mir-134	THCA	1.0
hsa-mir-135b	THCA	2.5
hsa-mir-136	THCA	0.5
hsa-mir-138-1	THCA	2.0
hsa-mir-138-2	THCA	2.0
hsa-mir-139	THCA	4.0
hsa-mir-140	THCA	4.0
hsa-mir-142	THCA	4.0
hsa-mir-143	THCA	6.0
hsa-mir-144	THCA	3.0
hsa-mir-145	THCA	6.0
hsa-mir-146b	THCA	2.5
hsa-mir-148a	THCA	3.0
hsa-mir-148b	THCA	2.0
hsa-mir-150	THCA	4.0
hsa-mir-152	THCA	3.0
hsa-mir-153-1	THCA	0.5
hsa-mir-153-2	THCA	0.5
hsa-mir-154	THCA	0.5
hsa-mir-15a	THCA	5.0
hsa-mir-15b	THCA	4.0
hsa-mir-16-1	THCA	6.0
hsa-mir-16-2	THCA	5.0
hsa-mir-17	THCA	5.0
hsa-mir-181a-1	THCA	5.0
hsa-mir-181a-2	THCA	5.0
hsa-mir-181b-1	THCA	4.0
hsa-mir-181b-2	THCA	4.0
hsa-mir-181d	THCA	1.5
hsa-mir-182	THCA	4.0
hsa-mir-183	THCA	4.5
hsa-mir-185	THCA	1.5
hsa-mir-186	THCA	0.5
hsa-mir-187	THCA	0.0
hsa-mir-18a	THCA	4.0
hsa-mir-190a	THCA	0.0
hsa-mir-192	THCA	3.5
hsa-mir-193a	THCA	2.5
hsa-mir-193b	THCA	3.0
hsa-mir-194-1	THCA	3.5
hsa-mir-194-2	THCA	3.5
hsa-mir-195	THCA	4.5
hsa-mir-199a-1	THCA	5.0
hsa-mir-199a-2	THCA	5.0
hsa-mir-199b	THCA	3.0
hsa-mir-19b-1	THCA	4.0
hsa-mir-19b-2	THCA	4.0
hsa-mir-204	THCA	3.0
hsa-mir-20b	THCA	0.5
hsa-mir-21	THCA	7.0
hsa-mir-214	THCA	4.0
hsa-mir-215	THCA	2.0
hsa-mir-218-1	THCA	3.0
hsa-mir-218-2	THCA	3.0
hsa-mir-221	THCA	5.0
hsa-mir-222	THCA	4.5
hsa-mir-223	THCA	4.0
hsa-mir-224	THCA	3.5
hsa-mir-23b	THCA	3.0
hsa-mir-24-2	THCA	3.0
hsa-mir-25	THCA	4.0
hsa-mir-26a-1	THCA	6.0
hsa-mir-26a-2	THCA	6.0
hsa-mir-26b	THCA	3.5
hsa-mir-27a	THCA	4.0
hsa-mir-28	THCA	3.0
hsa-mir-29b-2	THCA	5.0
hsa-mir-29c	THCA	6.0
hsa-mir-3065	THCA	0.0
hsa-mir-30a	THCA	5.5
hsa-mir-30b	THCA	3.0
hsa-mir-30c-1	THCA	4.5
hsa-mir-30c-2	THCA	4.5
hsa-mir-30e	THCA	5.0
hsa-mir-31	THCA	5.0
hsa-mir-3127	THCA	0.0
hsa-mir-3130-1	THCA	0.0
hsa-mir-3130-2	THCA	0.0
hsa-mir-320b-1	THCA	0.0
hsa-mir-320b-2	THCA	0.0
hsa-mir-326	THCA	1.0
hsa-mir-330	THCA	1.0
hsa-mir-331	THCA	2.0
hsa-mir-337	THCA	1.5
hsa-mir-339	THCA	1.5
hsa-mir-33b	THCA	0.0
hsa-mir-342	THCA	3.5
hsa-mir-345	THCA	2.0
hsa-mir-34a	THCA	5.0
hsa-mir-34c	THCA	2.5
hsa-mir-361	THCA	1.5
hsa-mir-362	THCA	1.5
hsa-mir-363	THCA	1.0
hsa-mir-365a	THCA	1.5
hsa-mir-369	THCA	0.0
hsa-mir-374a	THCA	0.0
hsa-mir-374b	THCA	0.0
hsa-mir-375	THCA	4.0
hsa-mir-379	THCA	1.0
hsa-mir-381	THCA	0.0
hsa-mir-409	THCA	0.0
hsa-mir-411	THCA	0.0
hsa-mir-425	THCA	1.5
hsa-mir-451a	THCA	4.5
hsa-mir-454	THCA	0.0
hsa-mir-455	THCA	2.5
hsa-mir-486-1	THCA	2.0
hsa-mir-486-2	THCA	2.0
hsa-mir-491	THCA	0.0
hsa-mir-495	THCA	1.0
hsa-mir-497	THCA	3.5
hsa-mir-500a	THCA	0.0
hsa-mir-500b	THCA	0.0
hsa-mir-501	THCA	0.0
hsa-mir-502	THCA	0.5
hsa-mir-503	THCA	0.5
hsa-mir-505	THCA	0.5
hsa-mir-508	THCA	0.0
hsa-mir-509-1	THCA	0.5
hsa-mir-509-2	THCA	0.5
hsa-mir-509-3	THCA	0.5
hsa-mir-514a-1	THCA	0.0
hsa-mir-514a-2	THCA	0.0
hsa-mir-514a-3	THCA	0.0
hsa-mir-532	THCA	1.5
hsa-mir-548b	THCA	0.0
hsa-mir-550a-1	THCA	0.0
hsa-mir-550a-2	THCA	0.0
hsa-mir-550a-3	THCA	0.0
hsa-mir-551b	THCA	0.0
hsa-mir-574	THCA	1.0
hsa-mir-576	THCA	0.0
hsa-mir-577	THCA	0.0
hsa-mir-582	THCA	0.0
hsa-mir-584	THCA	1.0
hsa-mir-624	THCA	0.0
hsa-mir-628	THCA	0.0
hsa-mir-651	THCA	0.0
hsa-mir-652	THCA	0.0
hsa-mir-654	THCA	0.0
hsa-mir-660	THCA	0.0
hsa-mir-664a	THCA	1.0
hsa-mir-675	THCA	0.0
hsa-mir-676	THCA	0.0
hsa-mir-708	THCA	1.0
hsa-mir-7-1	THCA	4.5
hsa-mir-7-2	THCA	4.5
hsa-mir-7-3	THCA	4.5
hsa-mir-744	THCA	0.0
hsa-mir-873	THCA	0.0
hsa-mir-874	THCA	1.0
hsa-mir-887	THCA	0.0
hsa-mir-889	THCA	0.0
hsa-mir-9-1	THCA	4.5
hsa-mir-9-2	THCA	4.5
hsa-mir-92a-1	THCA	4.5
hsa-mir-942	THCA	1.0
hsa-mir-96	THCA	3.5
hsa-mir-99a	THCA	5.0
hsa-let-7a-1	THCA	4.5
hsa-let-7a-2	THCA	4.5
hsa-let-7a-3	THCA	4.5
hsa-let-7b	THCA	5.0
hsa-let-7c	THCA	5.0
hsa-let-7e	THCA	3.5
hsa-let-7i	THCA	3.5
hsa-mir-100	UCEC	5.0
hsa-mir-101-1	UCEC	6.0
hsa-mir-101-2	UCEC	6.0
hsa-mir-103a-1	UCEC	3.0
hsa-mir-103a-2	UCEC	3.0
hsa-mir-106a	UCEC	2.0
hsa-mir-106b	UCEC	5.0
hsa-mir-107	UCEC	3.0
hsa-mir-10b	UCEC	5.0
hsa-mir-1-1	UCEC	4.0
hsa-mir-1-2	UCEC	4.0
hsa-mir-1247	UCEC	0.0
hsa-mir-125a	UCEC	4.0
hsa-mir-126	UCEC	5.0
hsa-mir-1266	UCEC	0.0
hsa-mir-128-1	UCEC	3.5
hsa-mir-128-2	UCEC	3.5
hsa-mir-1296	UCEC	1.0
hsa-mir-1301	UCEC	0.0
hsa-mir-1307	UCEC	1.0
hsa-mir-130b	UCEC	3.0
hsa-mir-133a-1	UCEC	4.5
hsa-mir-133a-2	UCEC	4.5
hsa-mir-133b	UCEC	3.0
hsa-mir-135b	UCEC	2.5
hsa-mir-139	UCEC	4.0
hsa-mir-140	UCEC	4.0
hsa-mir-141	UCEC	4.5
hsa-mir-142	UCEC	4.0
hsa-mir-143	UCEC	6.0
hsa-mir-145	UCEC	6.0
hsa-mir-148b	UCEC	2.0
hsa-mir-151a	UCEC	1.5
hsa-mir-15a	UCEC	5.0
hsa-mir-15b	UCEC	4.0
hsa-mir-16-1	UCEC	6.0
hsa-mir-16-2	UCEC	5.0
hsa-mir-17	UCEC	5.0
hsa-mir-181a-1	UCEC	5.0
hsa-mir-181a-2	UCEC	5.0
hsa-mir-181b-1	UCEC	4.0
hsa-mir-181b-2	UCEC	4.0
hsa-mir-181c	UCEC	2.5
hsa-mir-181d	UCEC	1.5
hsa-mir-182	UCEC	4.0
hsa-mir-183	UCEC	4.5
hsa-mir-185	UCEC	1.5
hsa-mir-186	UCEC	0.5
hsa-mir-188	UCEC	0.5
hsa-mir-18a	UCEC	4.0
hsa-mir-191	UCEC	1.5
hsa-mir-192	UCEC	3.5
hsa-mir-193b	UCEC	3.0
hsa-mir-194-1	UCEC	3.5
hsa-mir-194-2	UCEC	3.5
hsa-mir-195	UCEC	4.5
hsa-mir-196b	UCEC	0.5
hsa-mir-197	UCEC	0.0
hsa-mir-19a	UCEC	5.0
hsa-mir-19b-1	UCEC	4.0
hsa-mir-19b-2	UCEC	4.0
hsa-mir-200a	UCEC	4.5
hsa-mir-200b	UCEC	4.5
hsa-mir-200c	UCEC	4.5
hsa-mir-203a	UCEC	4.5
hsa-mir-205	UCEC	5.0
hsa-mir-20a	UCEC	4.5
hsa-mir-20b	UCEC	0.5
hsa-mir-21	UCEC	7.0
hsa-mir-210	UCEC	3.5
hsa-mir-215	UCEC	2.0
hsa-mir-219a-1	UCEC	0.0
hsa-mir-22	UCEC	2.5
hsa-mir-224	UCEC	3.5
hsa-mir-23a	UCEC	3.5
hsa-mir-24-1	UCEC	3.0
hsa-mir-24-2	UCEC	3.0
hsa-mir-25	UCEC	4.0
hsa-mir-27a	UCEC	4.0
hsa-mir-29a	UCEC	4.5
hsa-mir-29c	UCEC	6.0
hsa-mir-301a	UCEC	3.5
hsa-mir-301b	UCEC	0.0
hsa-mir-3065	UCEC	0.0
hsa-mir-3127	UCEC	0.0
hsa-mir-32	UCEC	3.5
hsa-mir-3200	UCEC	0.0
hsa-mir-320b-1	UCEC	0.0
hsa-mir-320b-2	UCEC	0.0
hsa-mir-324	UCEC	3.0
hsa-mir-330	UCEC	1.0
hsa-mir-331	UCEC	2.0
hsa-mir-339	UCEC	1.5
hsa-mir-33b	UCEC	0.0
hsa-mir-340	UCEC	0.5
hsa-mir-342	UCEC	3.5
hsa-mir-345	UCEC	2.0
hsa-mir-3605	UCEC	0.0
hsa-mir-3613	UCEC	0.0
hsa-mir-363	UCEC	1.0
hsa-mir-3677	UCEC	0.0
hsa-mir-375	UCEC	4.0
hsa-mir-379	UCEC	1.0
hsa-mir-381	UCEC	0.0
hsa-mir-421	UCEC	1.5
hsa-mir-423	UCEC	2.5
hsa-mir-425	UCEC	1.5
hsa-mir-429	UCEC	1.0
hsa-mir-452	UCEC	0.0
hsa-mir-454	UCEC	0.0
hsa-mir-455	UCEC	2.5
hsa-mir-491	UCEC	0.0
hsa-mir-500a	UCEC	0.0
hsa-mir-501	UCEC	0.0
hsa-mir-505	UCEC	0.5
hsa-mir-532	UCEC	1.5
hsa-mir-542	UCEC	1.0
hsa-mir-550a-1	UCEC	0.0
hsa-mir-550a-2	UCEC	0.0
hsa-mir-550a-3	UCEC	0.0
hsa-mir-576	UCEC	0.0
hsa-mir-577	UCEC	0.0
hsa-mir-589	UCEC	1.0
hsa-mir-590	UCEC	1.5
hsa-mir-592	UCEC	0.0
hsa-mir-616	UCEC	0.0
hsa-mir-624	UCEC	0.0
hsa-mir-629	UCEC	0.5
hsa-mir-651	UCEC	0.0
hsa-mir-652	UCEC	0.0
hsa-mir-653	UCEC	0.0
hsa-mir-671	UCEC	0.0
hsa-mir-676	UCEC	0.0
hsa-mir-7-1	UCEC	4.5
hsa-mir-7-2	UCEC	4.5
hsa-mir-7-3	UCEC	4.5
hsa-mir-744	UCEC	0.0
hsa-mir-760	UCEC	0.0
hsa-mir-766	UCEC	0.0
hsa-mir-769	UCEC	1.0
hsa-mir-877	UCEC	0.0
hsa-mir-9-1	UCEC	4.5
hsa-mir-9-2	UCEC	4.5
hsa-mir-92a-1	UCEC	4.5
hsa-mir-92a-2	UCEC	4.5
hsa-mir-92b	UCEC	1.0
hsa-mir-93	UCEC	3.0
hsa-mir-9-3	UCEC	4.5
hsa-mir-937	UCEC	0.0
hsa-mir-942	UCEC	1.0
hsa-mir-96	UCEC	3.5
hsa-mir-98	UCEC	2.0
hsa-mir-99a	UCEC	5.0
hsa-mir-99b	UCEC	2.0
hsa-let-7a-1	UCEC	4.5
hsa-let-7a-2	UCEC	4.5
hsa-let-7a-3	UCEC	4.5
hsa-let-7d	UCEC	4.0
hsa-let-7f-1	UCEC	4.0
hsa-let-7f-2	UCEC	4.0
hsa-let-7g	UCEC	3.0
